MonthDate,Crop,WholesalePrice_RsKg,PrevMonthWholesalePrice_RsKg,NextMonthWholesalePrice_RsKg
2012-01-01,Ash Plantain,41.372,,33.335
2012-02-01,Ash Plantain,33.335,41.372,24.166666666666668
2012-03-01,Ash Plantain,24.166666666666668,33.335,21.18
2012-04-01,Ash Plantain,21.18,24.166666666666668,17.68
2012-05-01,Ash Plantain,17.68,21.18,24.4725
2012-06-01,Ash Plantain,24.4725,17.68,26.407999999999998
2012-07-01,Ash Plantain,26.407999999999998,24.4725,25.71
2012-08-01,Ash Plantain,25.71,26.407999999999998,27.25
2012-09-01,Ash Plantain,27.25,25.71,37.70399999999999
2012-10-01,Ash Plantain,37.70399999999999,27.25,50.3875
2012-11-01,Ash Plantain,50.3875,37.70399999999999,46.72
2012-12-01,Ash Plantain,46.72,50.3875,60.9375
2013-01-01,Ash Plantain,60.9375,46.72,51.945
2013-02-01,Ash Plantain,51.945,60.9375,47.5
2013-03-01,Ash Plantain,47.5,51.945,32.8125
2013-04-01,Ash Plantain,32.8125,47.5,31.93
2013-05-01,Ash Plantain,31.93,32.8125,34.5325
2013-06-01,Ash Plantain,34.5325,31.93,35.4
2013-07-01,Ash Plantain,35.4,34.5325,35.125
2013-08-01,Ash Plantain,35.125,35.4,36.465999999999994
2013-09-01,Ash Plantain,36.465999999999994,35.125,36.6425
2013-10-01,Ash Plantain,36.6425,36.465999999999994,41.125
2013-11-01,Ash Plantain,41.125,36.6425,44.5
2013-12-01,Ash Plantain,44.5,41.125,50.5225
2014-01-01,Ash Plantain,50.5225,44.5,48.87
2014-02-01,Ash Plantain,48.87,50.5225,45.682
2014-03-01,Ash Plantain,45.682,48.87,42.125
2014-04-01,Ash Plantain,42.125,45.682,46.6875
2014-05-01,Ash Plantain,46.6875,42.125,53.565999999999995
2014-06-01,Ash Plantain,53.565999999999995,46.6875,53.5875
2014-07-01,Ash Plantain,53.5875,53.565999999999995,48.4125
2014-08-01,Ash Plantain,48.4125,53.5875,59.464
2014-09-01,Ash Plantain,59.464,48.4125,70.625
2014-10-01,Ash Plantain,70.625,59.464,61.9625
2014-11-01,Ash Plantain,61.9625,70.625,86.27000000000001
2014-12-01,Ash Plantain,86.27000000000001,61.9625,115.91499999999999
2015-01-01,Ash Plantain,115.91499999999999,86.27000000000001,99.6925
2015-02-01,Ash Plantain,99.6925,115.91499999999999,72.348
2015-03-01,Ash Plantain,72.348,99.6925,53.15
2015-04-01,Ash Plantain,53.15,72.348,46.42
2015-05-01,Ash Plantain,46.42,53.15,53.36
2015-06-01,Ash Plantain,53.36,46.42,56.3425
2015-07-01,Ash Plantain,56.3425,53.36,53.0
2015-08-01,Ash Plantain,53.0,56.3425,54.525
2015-09-01,Ash Plantain,54.525,53.0,55.11
2015-10-01,Ash Plantain,55.11,54.525,61.604
2015-11-01,Ash Plantain,61.604,55.11,70.14
2015-12-01,Ash Plantain,70.14,61.604,60.3975
2016-01-01,Ash Plantain,60.3975,70.14,52.818000000000005
2016-02-01,Ash Plantain,52.818000000000005,60.3975,47.295
2016-03-01,Ash Plantain,47.295,52.818000000000005,36.125
2016-04-01,Ash Plantain,36.125,47.295,44.3
2016-05-01,Ash Plantain,44.3,36.125,70.2325
2016-06-01,Ash Plantain,70.2325,44.3,70.17
2016-07-01,Ash Plantain,70.17,70.2325,60.122
2016-08-01,Ash Plantain,60.122,70.17,62.8125
2016-09-01,Ash Plantain,62.8125,60.122,56.55
2016-10-01,Ash Plantain,56.55,62.8125,55.5875
2016-11-01,Ash Plantain,55.5875,56.55,59.2175
2016-12-01,Ash Plantain,59.2175,55.5875,56.968
2017-01-01,Ash Plantain,56.968,59.2175,57.5625
2017-02-01,Ash Plantain,57.5625,56.968,61.4583333333333
2017-03-01,Ash Plantain,61.4583333333333,57.5625,64.27083333249998
2017-04-01,Ash Plantain,64.27083333249998,61.4583333333333,62.83333333333328
2017-05-01,Ash Plantain,62.83333333333328,64.27083333249998,62.60416666666665
2017-06-01,Ash Plantain,62.60416666666665,62.83333333333328,63.4999999993333
2017-07-01,Ash Plantain,63.4999999993333,62.60416666666665,67.08333333416665
2017-08-01,Ash Plantain,67.08333333416665,63.4999999993333,73.64583333416665
2017-09-01,Ash Plantain,73.64583333416665,67.08333333416665,76.17424242266667
2017-10-01,Ash Plantain,76.17424242266667,73.64583333416665,78.33333333499999
2017-11-01,Ash Plantain,78.33333333499999,76.17424242266667,82.9166666675
2017-12-01,Ash Plantain,82.9166666675,78.33333333499999,73.334
2018-01-01,Ash Plantain,73.334,82.9166666675,71.8750000025
2018-02-01,Ash Plantain,71.8750000025,73.334,65.41666666500001
2018-03-01,Ash Plantain,65.41666666500001,71.8750000025,68.538461538
2018-04-01,Ash Plantain,68.538461538,65.41666666500001,74.13690476
2018-05-01,Ash Plantain,74.13690476,68.538461538,68.75
2018-06-01,Ash Plantain,68.75,74.13690476,66.66666666500001
2018-07-01,Ash Plantain,66.66666666500001,68.75,
2018-08-01,Ash Plantain,,66.66666666500001,
2018-09-01,Ash Plantain,,,
2018-10-01,Ash Plantain,,,
2018-11-01,Ash Plantain,,,58.0
2018-12-01,Ash Plantain,58.0,,69.0
2019-01-01,Ash Plantain,69.0,58.0,65.0
2019-02-01,Ash Plantain,65.0,69.0,77.819444445
2019-03-01,Ash Plantain,77.819444445,65.0,79.2
2019-04-01,Ash Plantain,79.2,77.819444445,76.454545455
2019-05-01,Ash Plantain,76.454545455,79.2,83.0
2019-06-01,Ash Plantain,83.0,76.454545455,95.45454545
2019-07-01,Ash Plantain,95.45454545,83.0,
2019-08-01,Ash Plantain,,95.45454545,
2019-09-01,Ash Plantain,,,
2019-10-01,Ash Plantain,,,
2019-11-01,Ash Plantain,,,90.0
2019-12-01,Ash Plantain,90.0,,95.5
2020-01-01,Ash Plantain,95.5,90.0,86.5
2020-02-01,Ash Plantain,86.5,95.5,73.63636364
2020-03-01,Ash Plantain,73.63636364,86.5,
2020-04-01,Ash Plantain,,73.63636364,56.5
2020-05-01,Ash Plantain,56.5,,63.866666666
2020-06-01,Ash Plantain,63.866666666,56.5,75.97727272750001
2020-07-01,Ash Plantain,75.97727272750001,63.866666666,98.436363636
2020-08-01,Ash Plantain,98.436363636,75.97727272750001,102.875
2020-09-01,Ash Plantain,102.875,98.436363636,
2020-10-01,Ash Plantain,,102.875,
2020-11-01,Ash Plantain,,,
2020-12-01,Ash Plantain,,,67.75
2021-01-01,Ash Plantain,67.75,,69.454545455
2021-02-01,Ash Plantain,69.454545455,67.75,57.9
2021-03-01,Ash Plantain,57.9,69.454545455,47.875
2021-04-01,Ash Plantain,47.875,57.9,33.333333333333336
2021-05-01,Ash Plantain,33.333333333333336,47.875,46.0
2021-06-01,Ash Plantain,46.0,33.333333333333336,38.625
2021-07-01,Ash Plantain,38.625,46.0,45.583333332500004
2021-08-01,Ash Plantain,45.583333332500004,38.625,39.5
2021-09-01,Ash Plantain,39.5,45.583333332500004,42.125
2021-10-01,Ash Plantain,42.125,39.5,47.1
2021-11-01,Ash Plantain,47.1,42.125,65.8636363625
2021-12-01,Ash Plantain,65.8636363625,47.1,79.383838384
2022-01-01,Ash Plantain,79.383838384,65.8636363625,75.75
2022-02-01,Ash Plantain,75.75,79.383838384,57.0
2022-03-01,Ash Plantain,57.0,75.75,52.0
2022-04-01,Ash Plantain,52.0,57.0,64.95
2022-05-01,Ash Plantain,64.95,52.0,89.0
2022-06-01,Ash Plantain,89.0,64.95,107.431818175
2022-07-01,Ash Plantain,107.431818175,89.0,119.8
2022-08-01,Ash Plantain,119.8,107.431818175,150.75
2022-09-01,Ash Plantain,150.75,119.8,165.4
2022-10-01,Ash Plantain,165.4,150.75,191.25
2022-11-01,Ash Plantain,191.25,165.4,203.75
2022-12-01,Ash Plantain,203.75,191.25,219.4
2023-01-01,Ash Plantain,219.4,203.75,211.0
2023-02-01,Ash Plantain,211.0,219.4,200.0
2023-03-01,Ash Plantain,200.0,211.0,165.79545455
2023-04-01,Ash Plantain,165.79545455,200.0,145.0
2023-05-01,Ash Plantain,145.0,165.79545455,152.0
2023-06-01,Ash Plantain,152.0,145.0,152.2
2023-07-01,Ash Plantain,152.2,152.0,160.25
2023-08-01,Ash Plantain,160.25,152.2,181.0909091
2023-09-01,Ash Plantain,181.0909091,160.25,199.4
2023-10-01,Ash Plantain,199.4,181.0909091,230.75
2023-11-01,Ash Plantain,230.75,199.4,263.25
2023-12-01,Ash Plantain,263.25,230.75,276.8
2024-01-01,Ash Plantain,276.8,263.25,282.5
2024-02-01,Ash Plantain,282.5,276.8,220.5
2024-03-01,Ash Plantain,220.5,282.5,140.8909091
2024-04-01,Ash Plantain,140.8909091,220.5,99.25
2024-05-01,Ash Plantain,99.25,140.8909091,169.0
2024-06-01,Ash Plantain,169.0,99.25,203.4
2024-07-01,Ash Plantain,203.4,169.0,206.5
2024-08-01,Ash Plantain,206.5,203.4,175.6
2024-09-01,Ash Plantain,175.6,206.5,124.1818181825
2024-10-01,Ash Plantain,124.1818181825,175.6,101.25
2024-11-01,Ash Plantain,101.25,124.1818181825,142.8
2024-12-01,Ash Plantain,142.8,101.25,144.75
2025-01-01,Ash Plantain,144.75,142.8,149.75
2025-02-01,Ash Plantain,149.75,144.75,132.0
2025-03-01,Ash Plantain,132.0,149.75,
2012-01-01,Bandakka,42.256,,35.375
2012-02-01,Bandakka,35.375,42.256,21.833333333333332
2012-03-01,Bandakka,21.833333333333332,35.375,38.926
2012-04-01,Bandakka,38.926,21.833333333333332,59.955
2012-05-01,Bandakka,59.955,38.926,73.3675
2012-06-01,Bandakka,73.3675,59.955,44.382
2012-07-01,Bandakka,44.382,73.3675,20.6575
2012-08-01,Bandakka,20.6575,44.382,24.625
2012-09-01,Bandakka,24.625,20.6575,59.912
2012-10-01,Bandakka,59.912,24.625,83.6875
2012-11-01,Bandakka,83.6875,59.912,42.126
2012-12-01,Bandakka,42.126,83.6875,96.75
2013-01-01,Bandakka,96.75,42.126,74.0
2013-02-01,Bandakka,74.0,96.75,42.125
2013-03-01,Bandakka,42.125,74.0,33.125
2013-04-01,Bandakka,33.125,42.125,34.5975
2013-05-01,Bandakka,34.5975,33.125,42.035
2013-06-01,Bandakka,42.035,34.5975,32.3
2013-07-01,Bandakka,32.3,42.035,31.625
2013-08-01,Bandakka,31.625,32.3,36.2
2013-09-01,Bandakka,36.2,31.625,36.875
2013-10-01,Bandakka,36.875,36.2,34.34
2013-11-01,Bandakka,34.34,36.875,36.064
2013-12-01,Bandakka,36.064,34.34,51.7325
2014-01-01,Bandakka,51.7325,36.064,41.75
2014-02-01,Bandakka,41.75,51.7325,34.528
2014-03-01,Bandakka,34.528,41.75,40.78
2014-04-01,Bandakka,40.78,34.528,84.58
2014-05-01,Bandakka,84.58,40.78,73.262
2014-06-01,Bandakka,73.262,84.58,30.8625
2014-07-01,Bandakka,30.8625,73.262,23.245
2014-08-01,Bandakka,23.245,30.8625,41.32000000000001
2014-09-01,Bandakka,41.32000000000001,23.245,66.5
2014-10-01,Bandakka,66.5,41.32000000000001,60.125
2014-11-01,Bandakka,60.125,66.5,74.3
2014-12-01,Bandakka,74.3,60.125,129.0
2015-01-01,Bandakka,129.0,74.3,88.5
2015-02-01,Bandakka,88.5,129.0,28.398000000000003
2015-03-01,Bandakka,28.398000000000003,88.5,37.067499999999995
2015-04-01,Bandakka,37.067499999999995,28.398000000000003,58.792500000000004
2015-05-01,Bandakka,58.792500000000004,37.067499999999995,62.9
2015-06-01,Bandakka,62.9,58.792500000000004,45.6325
2015-07-01,Bandakka,45.6325,62.9,28.694
2015-08-01,Bandakka,28.694,45.6325,43.900000000000006
2015-09-01,Bandakka,43.900000000000006,28.694,57.2375
2015-10-01,Bandakka,57.2375,43.900000000000006,81.764
2015-11-01,Bandakka,81.764,57.2375,112.00666666666666
2015-12-01,Bandakka,112.00666666666666,81.764,96.965
2016-01-01,Bandakka,96.965,112.00666666666666,70.70599999999999
2016-02-01,Bandakka,70.70599999999999,96.965,56.67
2016-03-01,Bandakka,56.67,70.70599999999999,53.6925
2016-04-01,Bandakka,53.6925,56.67,78.5
2016-05-01,Bandakka,78.5,53.6925,58.3725
2016-06-01,Bandakka,58.3725,78.5,46.3625
2016-07-01,Bandakka,46.3625,58.3725,24.524
2016-08-01,Bandakka,24.524,46.3625,46.2375
2016-09-01,Bandakka,46.2375,24.524,60.831999999999994
2016-10-01,Bandakka,60.831999999999994,46.2375,53.6825
2016-11-01,Bandakka,53.6825,60.831999999999994,43.335
2016-12-01,Bandakka,43.335,53.6825,57.444
2017-01-01,Bandakka,57.444,43.335,93.125
2017-02-01,Bandakka,93.125,57.444,90.89743589743588
2017-03-01,Bandakka,90.89743589743588,93.125,65.2083333325
2017-04-01,Bandakka,65.2083333325,90.89743589743588,74.44230769230765
2017-05-01,Bandakka,74.44230769230765,65.2083333325,71.56249999916665
2017-06-01,Bandakka,71.56249999916665,74.44230769230765,53.93589743666662
2017-07-01,Bandakka,53.93589743666662,71.56249999916665,33.73397435814099
2017-08-01,Bandakka,33.73397435814099,53.93589743666662,48.12499999916665
2017-09-01,Bandakka,48.12499999916665,33.73397435814099,67.16666666733333
2017-10-01,Bandakka,67.16666666733333,48.12499999916665,78.1249999975
2017-11-01,Bandakka,78.1249999975,67.16666666733333,87.2916666675
2017-12-01,Bandakka,87.2916666675,78.1249999975,102.30066667999999
2018-01-01,Bandakka,102.30066667999999,87.2916666675,52.196969695
2018-02-01,Bandakka,52.196969695,102.30066667999999,33.541666665
2018-03-01,Bandakka,33.541666665,52.196969695,54.75
2018-04-01,Bandakka,54.75,33.541666665,97.291666685
2018-05-01,Bandakka,97.291666685,54.75,76.25
2018-06-01,Bandakka,76.25,97.291666685,58.333333335
2018-07-01,Bandakka,58.333333335,76.25,
2018-08-01,Bandakka,,58.333333335,
2018-09-01,Bandakka,,,
2018-10-01,Bandakka,,,
2018-11-01,Bandakka,,,30.5
2018-12-01,Bandakka,30.5,,44.5
2019-01-01,Bandakka,44.5,30.5,47.0
2019-02-01,Bandakka,47.0,44.5,67.25
2019-03-01,Bandakka,67.25,47.0,69.6
2019-04-01,Bandakka,69.6,67.25,69.5
2019-05-01,Bandakka,69.5,69.6,106.375
2019-06-01,Bandakka,106.375,69.5,170.0
2019-07-01,Bandakka,170.0,106.375,
2019-08-01,Bandakka,,170.0,
2019-09-01,Bandakka,,,
2019-10-01,Bandakka,,,
2019-11-01,Bandakka,,,181.0
2019-12-01,Bandakka,181.0,,172.5
2020-01-01,Bandakka,172.5,181.0,76.25
2020-02-01,Bandakka,76.25,172.5,26.5
2020-03-01,Bandakka,26.5,76.25,
2020-04-01,Bandakka,,26.5,64.4375
2020-05-01,Bandakka,64.4375,,52.666666666000005
2020-06-01,Bandakka,52.666666666000005,64.4375,48.25
2020-07-01,Bandakka,48.25,52.666666666000005,47.49090909
2020-08-01,Bandakka,47.49090909,48.25,59.666666667499996
2020-09-01,Bandakka,59.666666667499996,47.49090909,
2020-10-01,Bandakka,,59.666666667499996,
2020-11-01,Bandakka,,,
2020-12-01,Bandakka,,,143.75
2021-01-01,Bandakka,143.75,,128.613636375
2021-02-01,Bandakka,128.613636375,143.75,71.666666666
2021-03-01,Bandakka,71.666666666,128.613636375,66.875
2021-04-01,Bandakka,66.875,71.666666666,90.33333333333333
2021-05-01,Bandakka,90.33333333333333,66.875,101.5
2021-06-01,Bandakka,101.5,90.33333333333333,101.75
2021-07-01,Bandakka,101.75,101.5,78.14423077000001
2021-08-01,Bandakka,78.14423077000001,101.75,47.0
2021-09-01,Bandakka,47.0,78.14423077000001,105.75
2021-10-01,Bandakka,105.75,47.0,133.0
2021-11-01,Bandakka,133.0,105.75,166.25
2021-12-01,Bandakka,166.25,133.0,158.71111112
2022-01-01,Bandakka,158.71111112,166.25,136.625
2022-02-01,Bandakka,136.625,158.71111112,46.75
2022-03-01,Bandakka,46.75,136.625,74.25
2022-04-01,Bandakka,74.25,46.75,178.0
2022-05-01,Bandakka,178.0,74.25,239.0
2022-06-01,Bandakka,239.0,178.0,230.75
2022-07-01,Bandakka,230.75,239.0,139.0
2022-08-01,Bandakka,139.0,230.75,118.0
2022-09-01,Bandakka,118.0,139.0,105.2
2022-10-01,Bandakka,105.2,118.0,142.25
2022-11-01,Bandakka,142.25,105.2,124.0
2022-12-01,Bandakka,124.0,142.25,173.4
2023-01-01,Bandakka,173.4,124.0,198.75
2023-02-01,Bandakka,198.75,173.4,157.75
2023-03-01,Bandakka,157.75,198.75,102.20454545
2023-04-01,Bandakka,102.20454545,157.75,142.2
2023-05-01,Bandakka,142.2,102.20454545,148.25
2023-06-01,Bandakka,148.25,142.2,120.0
2023-07-01,Bandakka,120.0,148.25,79.5
2023-08-01,Bandakka,79.5,120.0,83.75
2023-09-01,Bandakka,83.75,79.5,136.4
2023-10-01,Bandakka,136.4,83.75,180.75
2023-11-01,Bandakka,180.75,136.4,153.5909091
2023-12-01,Bandakka,153.5909091,180.75,273.6
2024-01-01,Bandakka,273.6,153.5909091,222.25
2024-02-01,Bandakka,222.25,273.6,81.75
2024-03-01,Bandakka,81.75,222.25,76.0
2024-04-01,Bandakka,76.0,81.75,110.0
2024-05-01,Bandakka,110.0,76.0,123.0
2024-06-01,Bandakka,123.0,110.0,135.4
2024-07-01,Bandakka,135.4,123.0,78.25
2024-08-01,Bandakka,78.25,135.4,76.6
2024-09-01,Bandakka,76.6,78.25,108.72727272750001
2024-10-01,Bandakka,108.72727272750001,76.6,106.25
2024-11-01,Bandakka,106.25,108.72727272750001,146.0
2024-12-01,Bandakka,146.0,106.25,184.0
2025-01-01,Bandakka,184.0,146.0,183.166666675
2025-02-01,Bandakka,183.166666675,184.0,221.0
2025-03-01,Bandakka,221.0,183.166666675,
2012-01-01,Beans,64.8,,49.515
2012-02-01,Beans,49.515,64.8,46.86333333333334
2012-03-01,Beans,46.86333333333334,49.515,70.8
2012-04-01,Beans,70.8,46.86333333333334,71.8425
2012-05-01,Beans,71.8425,70.8,127.1675
2012-06-01,Beans,127.1675,71.8425,73.926
2012-07-01,Beans,73.926,127.1675,73.9975
2012-08-01,Beans,73.9975,73.926,79.5
2012-09-01,Beans,79.5,73.9975,125.732
2012-10-01,Beans,125.732,79.5,174.9
2012-11-01,Beans,174.9,125.732,66.944
2012-12-01,Beans,66.944,174.9,159.32999999999998
2013-01-01,Beans,159.32999999999998,66.944,103.75
2013-02-01,Beans,103.75,159.32999999999998,76.7825
2013-03-01,Beans,76.7825,103.75,51.5625
2013-04-01,Beans,51.5625,76.7825,78.0
2013-05-01,Beans,78.0,51.5625,106.7375
2013-06-01,Beans,106.7375,78.0,83.4
2013-07-01,Beans,83.4,106.7375,88.8325
2013-08-01,Beans,88.8325,83.4,73.218
2013-09-01,Beans,73.218,88.8325,80.3575
2013-10-01,Beans,80.3575,73.218,101.1675
2013-11-01,Beans,101.1675,80.3575,85.126
2013-12-01,Beans,85.126,101.1675,54.78
2014-01-01,Beans,54.78,85.126,58.11
2014-02-01,Beans,58.11,54.78,58.394000000000005
2014-03-01,Beans,58.394000000000005,58.11,99.33500000000001
2014-04-01,Beans,99.33500000000001,58.394000000000005,106.96000000000001
2014-05-01,Beans,106.96000000000001,99.33500000000001,110.22
2014-06-01,Beans,110.22,106.96000000000001,71.455
2014-07-01,Beans,71.455,110.22,73.6575
2014-08-01,Beans,73.6575,71.455,105.654
2014-09-01,Beans,105.654,73.6575,128.5
2014-10-01,Beans,128.5,105.654,97.6225
2014-11-01,Beans,97.6225,128.5,188.8
2014-12-01,Beans,188.8,97.6225,186.1925
2015-01-01,Beans,186.1925,188.8,179.1125
2015-02-01,Beans,179.1125,186.1925,79.018
2015-03-01,Beans,79.018,179.1125,97.955
2015-04-01,Beans,97.955,79.018,112.68
2015-05-01,Beans,112.68,97.955,169.548
2015-06-01,Beans,169.548,112.68,121.94
2015-07-01,Beans,121.94,169.548,83.062
2015-08-01,Beans,83.062,121.94,109.055
2015-09-01,Beans,109.055,83.062,155.7975
2015-10-01,Beans,155.7975,109.055,211.252
2015-11-01,Beans,211.252,155.7975,233.89333333333335
2015-12-01,Beans,233.89333333333335,211.252,158.015
2016-01-01,Beans,158.015,233.89333333333335,95.80199999999999
2016-02-01,Beans,95.80199999999999,158.015,91.25
2016-03-01,Beans,91.25,95.80199999999999,103.01
2016-04-01,Beans,103.01,91.25,172.342
2016-05-01,Beans,172.342,103.01,147.1825
2016-06-01,Beans,147.1825,172.342,138.4425
2016-07-01,Beans,138.4425,147.1825,108.15
2016-08-01,Beans,108.15,138.4425,112.4375
2016-09-01,Beans,112.4375,108.15,148.0
2016-10-01,Beans,148.0,112.4375,177.405
2016-11-01,Beans,177.405,148.0,146.2525
2016-12-01,Beans,146.2525,177.405,57.194
2017-01-01,Beans,57.194,146.2525,136.25
2017-02-01,Beans,136.25,57.194,134.31249999999974
2017-03-01,Beans,134.31249999999974,136.25,104.16666666749975
2017-04-01,Beans,104.16666666749975,134.31249999999974,126.83333333333321
2017-05-01,Beans,126.83333333333321,104.16666666749975,127.2916666749995
2017-06-01,Beans,127.2916666749995,126.83333333333321,104.33333332666658
2017-07-01,Beans,104.33333332666658,127.2916666749995,106.66666666583316
2017-08-01,Beans,106.66666666583316,104.33333332666658,115.10416665833333
2017-09-01,Beans,115.10416665833333,106.66666666583316,118.83333334599999
2017-10-01,Beans,118.83333334599999,115.10416665833333,120.87121213
2017-11-01,Beans,120.87121213,118.83333334599999,223.95250585
2017-12-01,Beans,223.95250585,120.87121213,233.9365641
2018-01-01,Beans,233.9365641,223.95250585,144.48280885
2018-02-01,Beans,144.48280885,233.9365641,72.9166666675
2018-03-01,Beans,72.9166666675,144.48280885,124.83333332800001
2018-04-01,Beans,124.83333332800001,72.9166666675,209.1666667
2018-05-01,Beans,209.1666667,124.83333332800001,147.68939395
2018-06-01,Beans,147.68939395,209.1666667,100.83333333499999
2018-07-01,Beans,100.83333333499999,147.68939395,
2018-08-01,Beans,,100.83333333499999,
2018-09-01,Beans,,,
2018-10-01,Beans,,,
2018-11-01,Beans,,,79.0
2018-12-01,Beans,79.0,,96.375
2019-01-01,Beans,96.375,79.0,141.25
2019-02-01,Beans,141.25,96.375,176.75
2019-03-01,Beans,176.75,141.25,134.05454546
2019-04-01,Beans,134.05454546,176.75,95.5
2019-05-01,Beans,95.5,134.05454546,224.75
2019-06-01,Beans,224.75,95.5,315.0
2019-07-01,Beans,315.0,224.75,
2019-08-01,Beans,,315.0,
2019-09-01,Beans,,,
2019-10-01,Beans,,,
2019-11-01,Beans,,,288.0
2019-12-01,Beans,288.0,,261.45454545
2020-01-01,Beans,261.45454545,288.0,169.375
2020-02-01,Beans,169.375,261.45454545,81.0
2020-03-01,Beans,81.0,169.375,
2020-04-01,Beans,,81.0,134.0
2020-05-01,Beans,134.0,,117.8
2020-06-01,Beans,117.8,134.0,148.25
2020-07-01,Beans,148.25,117.8,201.6
2020-08-01,Beans,201.6,148.25,219.708333325
2020-09-01,Beans,219.708333325,201.6,
2020-10-01,Beans,,219.708333325,
2020-11-01,Beans,,,
2020-12-01,Beans,,,191.0
2021-01-01,Beans,191.0,,125.25
2021-02-01,Beans,125.25,191.0,163.87272728
2021-03-01,Beans,163.87272728,125.25,121.5
2021-04-01,Beans,121.5,163.87272728,154.22222223333333
2021-05-01,Beans,154.22222223333333,121.5,209.0
2021-06-01,Beans,209.0,154.22222223333333,191.5
2021-07-01,Beans,191.5,209.0,207.583333325
2021-08-01,Beans,207.583333325,191.5,125.5
2021-09-01,Beans,125.5,207.583333325,221.5
2021-10-01,Beans,221.5,125.5,290.0
2021-11-01,Beans,290.0,221.5,372.0
2021-12-01,Beans,372.0,290.0,311.04444444
2022-01-01,Beans,311.04444444,372.0,179.0
2022-02-01,Beans,179.0,311.04444444,191.25
2022-03-01,Beans,191.25,179.0,258.5
2022-04-01,Beans,258.5,191.25,479.4
2022-05-01,Beans,479.4,258.5,515.25
2022-06-01,Beans,515.25,479.4,323.0
2022-07-01,Beans,323.0,515.25,368.8
2022-08-01,Beans,368.8,323.0,338.5
2022-09-01,Beans,338.5,368.8,303.4
2022-10-01,Beans,303.4,338.5,349.25
2022-11-01,Beans,349.25,303.4,374.0
2022-12-01,Beans,374.0,349.25,443.0
2023-01-01,Beans,443.0,374.0,328.0
2023-02-01,Beans,328.0,443.0,201.777777775
2023-03-01,Beans,201.777777775,328.0,149.1590909
2023-04-01,Beans,149.1590909,201.777777775,356.03333334
2023-05-01,Beans,356.03333334,149.1590909,404.25
2023-06-01,Beans,404.25,356.03333334,344.4
2023-07-01,Beans,344.4,404.25,299.75
2023-08-01,Beans,299.75,344.4,299.9090909
2023-09-01,Beans,299.9090909,299.75,415.6
2023-10-01,Beans,415.6,299.9090909,420.75
2023-11-01,Beans,420.75,415.6,476.636363625
2023-12-01,Beans,476.636363625,420.75,579.6
2024-01-01,Beans,579.6,476.636363625,513.0
2024-02-01,Beans,513.0,579.6,250.636363625
2024-03-01,Beans,250.636363625,513.0,140.8
2024-04-01,Beans,140.8,250.636363625,389.0
2024-05-01,Beans,389.0,140.8,506.5
2024-06-01,Beans,506.5,389.0,545.16363636
2024-07-01,Beans,545.16363636,506.5,323.75
2024-08-01,Beans,323.75,545.16363636,218.4
2024-09-01,Beans,218.4,323.75,308.5
2024-10-01,Beans,308.5,218.4,356.5
2024-11-01,Beans,356.5,308.5,460.47272727999996
2024-12-01,Beans,460.47272727999996,356.5,376.333333325
2025-01-01,Beans,376.333333325,460.47272727999996,261.9090909
2025-02-01,Beans,261.9090909,376.333333325,375.0
2025-03-01,Beans,375.0,261.9090909,
2012-01-01,Beetroot,78.816,,46.04
2012-02-01,Beetroot,46.04,78.816,37.766666666666666
2012-03-01,Beetroot,37.766666666666666,46.04,49.1
2012-04-01,Beetroot,49.1,37.766666666666666,95.3125
2012-05-01,Beetroot,95.3125,49.1,93.8075
2012-06-01,Beetroot,93.8075,95.3125,83.988
2012-07-01,Beetroot,83.988,93.8075,63.9275
2012-08-01,Beetroot,63.9275,83.988,60.285
2012-09-01,Beetroot,60.285,63.9275,58.888
2012-10-01,Beetroot,58.888,60.285,81.6675
2012-11-01,Beetroot,81.6675,58.888,81.45
2012-12-01,Beetroot,81.45,81.6675,107.345
2013-01-01,Beetroot,107.345,81.45,66.8275
2013-02-01,Beetroot,66.8275,107.345,72.2575
2013-03-01,Beetroot,72.2575,66.8275,67.5025
2013-04-01,Beetroot,67.5025,72.2575,84.0525
2013-05-01,Beetroot,84.0525,67.5025,76.22
2013-06-01,Beetroot,76.22,84.0525,54.45
2013-07-01,Beetroot,54.45,76.22,28.3275
2013-08-01,Beetroot,28.3275,54.45,26.208
2013-09-01,Beetroot,26.208,28.3275,26.759999999999998
2013-10-01,Beetroot,26.759999999999998,26.208,39.15
2013-11-01,Beetroot,39.15,26.759999999999998,45.506
2013-12-01,Beetroot,45.506,39.15,51.1575
2014-01-01,Beetroot,51.1575,45.506,36.375
2014-02-01,Beetroot,36.375,51.1575,30.432
2014-03-01,Beetroot,30.432,36.375,35.0725
2014-04-01,Beetroot,35.0725,30.432,55.3525
2014-05-01,Beetroot,55.3525,35.0725,86.6
2014-06-01,Beetroot,86.6,55.3525,81.85249999999999
2014-07-01,Beetroot,81.85249999999999,86.6,48.1975
2014-08-01,Beetroot,48.1975,81.85249999999999,49.532
2014-09-01,Beetroot,49.532,48.1975,60.7725
2014-10-01,Beetroot,60.7725,49.532,98.775
2014-11-01,Beetroot,98.775,60.7725,141.252
2014-12-01,Beetroot,141.252,98.775,177.125
2015-01-01,Beetroot,177.125,141.252,75.375
2015-02-01,Beetroot,75.375,177.125,48.432
2015-03-01,Beetroot,48.432,75.375,47.1475
2015-04-01,Beetroot,47.1475,48.432,86.02
2015-05-01,Beetroot,86.02,47.1475,107.418
2015-06-01,Beetroot,107.418,86.02,81.1825
2015-07-01,Beetroot,81.1825,107.418,42.334
2015-08-01,Beetroot,42.334,81.1825,39.5575
2015-09-01,Beetroot,39.5575,42.334,48.8125
2015-10-01,Beetroot,48.8125,39.5575,110.88400000000001
2015-11-01,Beetroot,110.88400000000001,48.8125,166.75333333333333
2015-12-01,Beetroot,166.75333333333333,110.88400000000001,182.6575
2016-01-01,Beetroot,182.6575,166.75333333333333,77.372
2016-02-01,Beetroot,77.372,182.6575,64.42750000000001
2016-03-01,Beetroot,64.42750000000001,77.372,69.745
2016-04-01,Beetroot,69.745,64.42750000000001,105.518
2016-05-01,Beetroot,105.518,69.745,129.1825
2016-06-01,Beetroot,129.1825,105.518,119.205
2016-07-01,Beetroot,119.205,129.1825,50.05
2016-08-01,Beetroot,50.05,119.205,46.31
2016-09-01,Beetroot,46.31,50.05,50.065999999999995
2016-10-01,Beetroot,50.065999999999995,46.31,39.8575
2016-11-01,Beetroot,39.8575,50.065999999999995,52.5575
2016-12-01,Beetroot,52.5575,39.8575,44.43
2017-01-01,Beetroot,44.43,52.5575,47.5325
2017-02-01,Beetroot,47.5325,44.43,50.66666666666663
2017-03-01,Beetroot,50.66666666666663,47.5325,102.47808441558428
2017-04-01,Beetroot,102.47808441558428,50.66666666666663,117.5203463203458
2017-05-01,Beetroot,117.5203463203458,102.47808441558428,100.56043957115378
2017-06-01,Beetroot,100.56043957115378,117.5203463203458,56.7560439567106
2017-07-01,Beetroot,56.7560439567106,100.56043957115378,39.63095238011901
2017-08-01,Beetroot,39.63095238011901,56.7560439567106,44.00641025641023
2017-09-01,Beetroot,44.00641025641023,39.63095238011901,70.42857142876923
2017-10-01,Beetroot,70.42857142876923,44.00641025641023,96.5267857175
2017-11-01,Beetroot,96.5267857175,70.42857142876923,149.42994505
2017-12-01,Beetroot,149.42994505,96.5267857175,144.71447619999998
2018-01-01,Beetroot,144.71447619999998,149.42994505,95.06410255750001
2018-02-01,Beetroot,95.06410255750001,144.71447619999998,65.34523809250001
2018-03-01,Beetroot,65.34523809250001,95.06410255750001,67.091941394
2018-04-01,Beetroot,67.091941394,65.34523809250001,128.625
2018-05-01,Beetroot,128.625,67.091941394,152.60897434999998
2018-06-01,Beetroot,152.60897434999998,128.625,143.0833333
2018-07-01,Beetroot,143.0833333,152.60897434999998,
2018-08-01,Beetroot,,143.0833333,
2018-09-01,Beetroot,,,
2018-10-01,Beetroot,,,
2018-11-01,Beetroot,,,60.0
2018-12-01,Beetroot,60.0,,67.77083333499999
2019-01-01,Beetroot,67.77083333499999,60.0,57.600108225
2019-02-01,Beetroot,57.600108225,67.77083333499999,71.99404762
2019-03-01,Beetroot,71.99404762,57.600108225,80.606060606
2019-04-01,Beetroot,80.606060606,71.99404762,144.246794875
2019-05-01,Beetroot,144.246794875,80.606060606,175.2840909
2019-06-01,Beetroot,175.2840909,144.246794875,227.2727273
2019-07-01,Beetroot,227.2727273,175.2840909,
2019-08-01,Beetroot,,227.2727273,
2019-09-01,Beetroot,,,
2019-10-01,Beetroot,,,
2019-11-01,Beetroot,,,229.0909091
2019-12-01,Beetroot,229.0909091,,178.5
2020-01-01,Beetroot,178.5,229.0909091,108.94886364499999
2020-02-01,Beetroot,108.94886364499999,178.5,68.63636364
2020-03-01,Beetroot,68.63636364,108.94886364499999,
2020-04-01,Beetroot,,68.63636364,42.458333332500004
2020-05-01,Beetroot,42.458333332500004,,84.290909092
2020-06-01,Beetroot,84.290909092,42.458333332500004,89.545454545
2020-07-01,Beetroot,89.545454545,84.290909092,94.77692308
2020-08-01,Beetroot,94.77692308,89.545454545,73.9583333325
2020-09-01,Beetroot,73.9583333325,94.77692308,
2020-10-01,Beetroot,,73.9583333325,
2020-11-01,Beetroot,,,
2020-12-01,Beetroot,,,159.625
2021-01-01,Beetroot,159.625,,197.61363634999998
2021-02-01,Beetroot,197.61363634999998,159.625,92.31969697
2021-03-01,Beetroot,92.31969697,197.61363634999998,77.800324675
2021-04-01,Beetroot,77.800324675,92.31969697,59.53846153666667
2021-05-01,Beetroot,59.53846153666667,77.800324675,159.61038965
2021-06-01,Beetroot,159.61038965,59.53846153666667,113.2612179425
2021-07-01,Beetroot,113.2612179425,159.61038965,88.1190476175
2021-08-01,Beetroot,88.1190476175,113.2612179425,44.8863636375
2021-09-01,Beetroot,44.8863636375,88.1190476175,45.8214285725
2021-10-01,Beetroot,45.8214285725,44.8863636375,77.53333334199999
2021-11-01,Beetroot,77.53333334199999,45.8214285725,268.416666675
2021-12-01,Beetroot,268.416666675,77.53333334199999,366.22626262
2022-01-01,Beetroot,366.22626262,268.416666675,248.818181825
2022-02-01,Beetroot,248.818181825,366.22626262,127.613636375
2022-03-01,Beetroot,127.613636375,248.818181825,139.905303025
2022-04-01,Beetroot,139.905303025,127.613636375,263.98268398
2022-05-01,Beetroot,263.98268398,139.905303025,271.331168825
2022-06-01,Beetroot,271.331168825,263.98268398,215.208333325
2022-07-01,Beetroot,215.208333325,271.331168825,127.93939392
2022-08-01,Beetroot,127.93939392,215.208333325,191.75865802500002
2022-09-01,Beetroot,191.75865802500002,127.93939392,239.46666666000002
2022-10-01,Beetroot,239.46666666000002,191.75865802500002,259.708333325
2022-11-01,Beetroot,259.708333325,239.46666666000002,342.242424225
2022-12-01,Beetroot,342.242424225,259.708333325,318.01748252000004
2023-01-01,Beetroot,318.01748252000004,342.242424225,149.51923077499998
2023-02-01,Beetroot,149.51923077499998,318.01748252000004,145.2651515
2023-03-01,Beetroot,145.2651515,149.51923077499998,147.7840909
2023-04-01,Beetroot,147.7840909,145.2651515,260.98484848
2023-05-01,Beetroot,260.98484848,147.7840909,342.06439395
2023-06-01,Beetroot,342.06439395,260.98484848,252.7121212
2023-07-01,Beetroot,252.7121212,342.06439395,129.410714275
2023-08-01,Beetroot,129.410714275,252.7121212,114.071969725
2023-09-01,Beetroot,114.071969725,129.410714275,116.00000002000002
2023-10-01,Beetroot,116.00000002000002,114.071969725,210.147727275
2023-11-01,Beetroot,210.147727275,116.00000002000002,390.45454545
2023-12-01,Beetroot,390.45454545,210.147727275,509.06363636000003
2024-01-01,Beetroot,509.06363636000003,390.45454545,399.5
2024-02-01,Beetroot,399.5,509.06363636000003,209.0
2024-03-01,Beetroot,209.0,399.5,173.83076924
2024-04-01,Beetroot,173.83076924,209.0,250.979020975
2024-05-01,Beetroot,250.979020975,173.83076924,419.91933065
2024-06-01,Beetroot,419.91933065,250.979020975,357.06153845999995
2024-07-01,Beetroot,357.06153845999995,419.91933065,149.5
2024-08-01,Beetroot,149.5,357.06153845999995,87.927272728
2024-09-01,Beetroot,87.927272728,149.5,92.769230775
2024-10-01,Beetroot,92.769230775,87.927272728,138.94871795
2024-11-01,Beetroot,138.94871795,92.769230775,328.6923077
2024-12-01,Beetroot,328.6923077,138.94871795,413.75
2025-01-01,Beetroot,413.75,328.6923077,266.136363625
2025-02-01,Beetroot,266.136363625,413.75,100.7692308
2025-03-01,Beetroot,100.7692308,266.136363625,
2012-01-01,Bitter Gourd,82.676,,57.7875
2012-02-01,Bitter Gourd,57.7875,82.676,47.46333333333333
2012-03-01,Bitter Gourd,47.46333333333333,57.7875,44.134
2012-04-01,Bitter Gourd,44.134,47.46333333333333,86.1125
2012-05-01,Bitter Gourd,86.1125,44.134,85.6525
2012-06-01,Bitter Gourd,85.6525,86.1125,74.61
2012-07-01,Bitter Gourd,74.61,85.6525,58.879999999999995
2012-08-01,Bitter Gourd,58.879999999999995,74.61,58.1625
2012-09-01,Bitter Gourd,58.1625,58.879999999999995,89.28
2012-10-01,Bitter Gourd,89.28,58.1625,130.9375
2012-11-01,Bitter Gourd,130.9375,89.28,103.0
2012-12-01,Bitter Gourd,103.0,130.9375,109.8125
2013-01-01,Bitter Gourd,109.8125,103.0,82.0
2013-02-01,Bitter Gourd,82.0,109.8125,71.35
2013-03-01,Bitter Gourd,71.35,82.0,50.1575
2013-04-01,Bitter Gourd,50.1575,71.35,66.64
2013-05-01,Bitter Gourd,66.64,50.1575,57.6775
2013-06-01,Bitter Gourd,57.6775,66.64,46.0
2013-07-01,Bitter Gourd,46.0,57.6775,31.75
2013-08-01,Bitter Gourd,31.75,46.0,35.05
2013-09-01,Bitter Gourd,35.05,31.75,51.6425
2013-10-01,Bitter Gourd,51.6425,35.05,68.0
2013-11-01,Bitter Gourd,68.0,51.6425,57.8
2013-12-01,Bitter Gourd,57.8,68.0,84.88
2014-01-01,Bitter Gourd,84.88,57.8,94.7825
2014-02-01,Bitter Gourd,94.7825,84.88,81.408
2014-03-01,Bitter Gourd,81.408,94.7825,91.75
2014-04-01,Bitter Gourd,91.75,81.408,104.7875
2014-05-01,Bitter Gourd,104.7875,91.75,144.702
2014-06-01,Bitter Gourd,144.702,104.7875,64.145
2014-07-01,Bitter Gourd,64.145,144.702,32.5
2014-08-01,Bitter Gourd,32.5,64.145,38.1
2014-09-01,Bitter Gourd,38.1,32.5,82.5
2014-10-01,Bitter Gourd,82.5,38.1,113.25
2014-11-01,Bitter Gourd,113.25,82.5,134.2
2014-12-01,Bitter Gourd,134.2,113.25,155.8475
2015-01-01,Bitter Gourd,155.8475,134.2,112.2575
2015-02-01,Bitter Gourd,112.2575,155.8475,77.38199999999999
2015-03-01,Bitter Gourd,77.38199999999999,112.2575,69.75
2015-04-01,Bitter Gourd,69.75,77.38199999999999,92.0
2015-05-01,Bitter Gourd,92.0,69.75,115.04400000000001
2015-06-01,Bitter Gourd,115.04400000000001,92.0,100.6575
2015-07-01,Bitter Gourd,100.6575,115.04400000000001,74.396
2015-08-01,Bitter Gourd,74.396,100.6575,86.31
2015-09-01,Bitter Gourd,86.31,74.396,129.47
2015-10-01,Bitter Gourd,129.47,86.31,154.51
2015-11-01,Bitter Gourd,154.51,129.47,153.17333333333332
2015-12-01,Bitter Gourd,153.17333333333332,154.51,152.23
2016-01-01,Bitter Gourd,152.23,153.17333333333332,86.75
2016-02-01,Bitter Gourd,86.75,152.23,71.8275
2016-03-01,Bitter Gourd,71.8275,86.75,74.47749999999999
2016-04-01,Bitter Gourd,74.47749999999999,71.8275,141.47
2016-05-01,Bitter Gourd,141.47,74.47749999999999,186.19
2016-06-01,Bitter Gourd,186.19,141.47,148.51
2016-07-01,Bitter Gourd,148.51,186.19,43.78
2016-08-01,Bitter Gourd,43.78,148.51,51.1325
2016-09-01,Bitter Gourd,51.1325,43.78,101.286
2016-10-01,Bitter Gourd,101.286,51.1325,140.715
2016-11-01,Bitter Gourd,140.715,101.286,173.1975
2016-12-01,Bitter Gourd,173.1975,140.715,164.41
2017-01-01,Bitter Gourd,164.41,173.1975,110.735
2017-02-01,Bitter Gourd,110.735,164.41,113.84523809523775
2017-03-01,Bitter Gourd,113.84523809523775,110.735,115.2840909090909
2017-04-01,Bitter Gourd,115.2840909090909,113.84523809523775,156.374725274725
2017-05-01,Bitter Gourd,156.374725274725,115.2840909090909,171.91071429642824
2017-06-01,Bitter Gourd,171.91071429642824,156.374725274725,134.3523809523808
2017-07-01,Bitter Gourd,134.3523809523808,171.91071429642824,96.5595238178571
2017-08-01,Bitter Gourd,96.5595238178571,134.3523809523808,128.52380951547605
2017-09-01,Bitter Gourd,128.52380951547605,96.5595238178571,194.99047620000002
2017-10-01,Bitter Gourd,194.99047620000002,128.52380951547605,148.588827825
2017-11-01,Bitter Gourd,148.588827825,194.99047620000002,178.18681320000002
2017-12-01,Bitter Gourd,178.18681320000002,148.588827825,171.03427105999998
2018-01-01,Bitter Gourd,171.03427105999998,178.18681320000002,67.9642857125
2018-02-01,Bitter Gourd,67.9642857125,171.03427105999998,71.93452381
2018-03-01,Bitter Gourd,71.93452381,67.9642857125,130.38681318599998
2018-04-01,Bitter Gourd,130.38681318599998,71.93452381,211.75
2018-05-01,Bitter Gourd,211.75,130.38681318599998,196.692307725
2018-06-01,Bitter Gourd,196.692307725,211.75,127.91666670000001
2018-07-01,Bitter Gourd,127.91666670000001,196.692307725,
2018-08-01,Bitter Gourd,,127.91666670000001,
2018-09-01,Bitter Gourd,,,
2018-10-01,Bitter Gourd,,,
2018-11-01,Bitter Gourd,,,157.2727273
2018-12-01,Bitter Gourd,157.2727273,,111.07142859
2019-01-01,Bitter Gourd,111.07142859,157.2727273,94.55128205
2019-02-01,Bitter Gourd,94.55128205,111.07142859,164.702380925
2019-03-01,Bitter Gourd,164.702380925,94.55128205,211.68484847999997
2019-04-01,Bitter Gourd,211.68484847999997,164.702380925,210.1282051
2019-05-01,Bitter Gourd,210.1282051,211.68484847999997,184.71590907499998
2019-06-01,Bitter Gourd,184.71590907499998,210.1282051,190.0
2019-07-01,Bitter Gourd,190.0,184.71590907499998,
2019-08-01,Bitter Gourd,,190.0,
2019-09-01,Bitter Gourd,,,
2019-10-01,Bitter Gourd,,,
2019-11-01,Bitter Gourd,,,188.4615385
2019-12-01,Bitter Gourd,188.4615385,,167.50757575
2020-01-01,Bitter Gourd,167.50757575,188.4615385,122.15530305
2020-02-01,Bitter Gourd,122.15530305,167.50757575,92.5
2020-03-01,Bitter Gourd,92.5,122.15530305,
2020-04-01,Bitter Gourd,,92.5,120.583333325
2020-05-01,Bitter Gourd,120.583333325,,170.67272728
2020-06-01,Bitter Gourd,170.67272728,120.583333325,94.31439394
2020-07-01,Bitter Gourd,94.31439394,170.67272728,146.71666666000002
2020-08-01,Bitter Gourd,146.71666666000002,94.31439394,190.5
2020-09-01,Bitter Gourd,190.5,146.71666666000002,
2020-10-01,Bitter Gourd,,190.5,
2020-11-01,Bitter Gourd,,,
2020-12-01,Bitter Gourd,,,274.5
2021-01-01,Bitter Gourd,274.5,,210.068181825
2021-02-01,Bitter Gourd,210.068181825,274.5,138.07272728
2021-03-01,Bitter Gourd,138.07272728,210.068181825,114.0
2021-04-01,Bitter Gourd,114.0,138.07272728,112.33333333333333
2021-05-01,Bitter Gourd,112.33333333333333,114.0,271.9090909
2021-06-01,Bitter Gourd,271.9090909,112.33333333333333,140.0
2021-07-01,Bitter Gourd,140.0,271.9090909,108.938811175
2021-08-01,Bitter Gourd,108.938811175,140.0,117.5909091
2021-09-01,Bitter Gourd,117.5909091,108.938811175,203.5
2021-10-01,Bitter Gourd,203.5,117.5909091,313.4
2021-11-01,Bitter Gourd,313.4,203.5,311.75
2021-12-01,Bitter Gourd,311.75,313.4,252.71111112
2022-01-01,Bitter Gourd,252.71111112,311.75,280.8409091
2022-02-01,Bitter Gourd,280.8409091,252.71111112,214.5
2022-03-01,Bitter Gourd,214.5,280.8409091,170.25
2022-04-01,Bitter Gourd,170.25,214.5,369.6
2022-05-01,Bitter Gourd,369.6,170.25,439.708333325
2022-06-01,Bitter Gourd,439.708333325,369.6,277.0
2022-07-01,Bitter Gourd,277.0,439.708333325,280.51428572
2022-08-01,Bitter Gourd,280.51428572,277.0,269.0
2022-09-01,Bitter Gourd,269.0,280.51428572,349.8
2022-10-01,Bitter Gourd,349.8,269.0,378.75
2022-11-01,Bitter Gourd,378.75,349.8,317.0
2022-12-01,Bitter Gourd,317.0,378.75,287.2
2023-01-01,Bitter Gourd,287.2,317.0,270.5
2023-02-01,Bitter Gourd,270.5,287.2,267.5
2023-03-01,Bitter Gourd,267.5,270.5,180.54545455
2023-04-01,Bitter Gourd,180.54545455,267.5,359.6
2023-05-01,Bitter Gourd,359.6,180.54545455,427.25
2023-06-01,Bitter Gourd,427.25,359.6,264.0
2023-07-01,Bitter Gourd,264.0,427.25,186.25
2023-08-01,Bitter Gourd,186.25,264.0,234.208333325
2023-09-01,Bitter Gourd,234.208333325,186.25,332.0
2023-10-01,Bitter Gourd,332.0,234.208333325,491.69444445
2023-11-01,Bitter Gourd,491.69444445,332.0,408.5
2023-12-01,Bitter Gourd,408.5,491.69444445,374.2
2024-01-01,Bitter Gourd,374.2,408.5,330.5
2024-02-01,Bitter Gourd,330.5,374.2,204.25
2024-03-01,Bitter Gourd,204.25,330.5,142.2
2024-04-01,Bitter Gourd,142.2,204.25,258.5
2024-05-01,Bitter Gourd,258.5,142.2,569.0
2024-06-01,Bitter Gourd,569.0,258.5,322.4
2024-07-01,Bitter Gourd,322.4,569.0,151.25
2024-08-01,Bitter Gourd,151.25,322.4,209.6
2024-09-01,Bitter Gourd,209.6,151.25,319.0
2024-10-01,Bitter Gourd,319.0,209.6,409.1590909
2024-11-01,Bitter Gourd,409.1590909,319.0,550.4
2024-12-01,Bitter Gourd,550.4,409.1590909,342.5
2025-01-01,Bitter Gourd,342.5,550.4,429.25
2025-02-01,Bitter Gourd,429.25,342.5,353.0
2025-03-01,Bitter Gourd,353.0,429.25,
2012-01-01,Brinjals,39.664,,12.855
2012-02-01,Brinjals,12.855,39.664,32.833333333333336
2012-03-01,Brinjals,32.833333333333336,12.855,35.6
2012-04-01,Brinjals,35.6,32.833333333333336,55.125
2012-05-01,Brinjals,55.125,35.6,43.332499999999996
2012-06-01,Brinjals,43.332499999999996,55.125,43.964
2012-07-01,Brinjals,43.964,43.332499999999996,49.695
2012-08-01,Brinjals,49.695,43.964,54.415
2012-09-01,Brinjals,54.415,49.695,67.414
2012-10-01,Brinjals,67.414,54.415,101.25
2012-11-01,Brinjals,101.25,67.414,65.402
2012-12-01,Brinjals,65.402,101.25,135.0
2013-01-01,Brinjals,135.0,65.402,34.4375
2013-02-01,Brinjals,34.4375,135.0,40.565
2013-03-01,Brinjals,40.565,34.4375,27.035
2013-04-01,Brinjals,27.035,40.565,40.32
2013-05-01,Brinjals,40.32,27.035,33.7275
2013-06-01,Brinjals,33.7275,40.32,24.0
2013-07-01,Brinjals,24.0,33.7275,37.625
2013-08-01,Brinjals,37.625,24.0,26.4
2013-09-01,Brinjals,26.4,37.625,30.697499999999998
2013-10-01,Brinjals,30.697499999999998,26.4,22.4125
2013-11-01,Brinjals,22.4125,30.697499999999998,34.004000000000005
2013-12-01,Brinjals,34.004000000000005,22.4125,48.519999999999996
2014-01-01,Brinjals,48.519999999999996,34.004000000000005,30.5325
2014-02-01,Brinjals,30.5325,48.519999999999996,39.13
2014-03-01,Brinjals,39.13,30.5325,25.4325
2014-04-01,Brinjals,25.4325,39.13,68.3725
2014-05-01,Brinjals,68.3725,25.4325,62.258
2014-06-01,Brinjals,62.258,68.3725,35.59
2014-07-01,Brinjals,35.59,62.258,39.1525
2014-08-01,Brinjals,39.1525,35.59,50.6
2014-09-01,Brinjals,50.6,39.1525,61.542500000000004
2014-10-01,Brinjals,61.542500000000004,50.6,50.115
2014-11-01,Brinjals,50.115,61.542500000000004,114.29
2014-12-01,Brinjals,114.29,50.115,129.54500000000002
2015-01-01,Brinjals,129.54500000000002,114.29,35.042500000000004
2015-02-01,Brinjals,35.042500000000004,129.54500000000002,31.192
2015-03-01,Brinjals,31.192,35.042500000000004,32.0025
2015-04-01,Brinjals,32.0025,31.192,41.745000000000005
2015-05-01,Brinjals,41.745000000000005,32.0025,34.762
2015-06-01,Brinjals,34.762,41.745000000000005,37.7725
2015-07-01,Brinjals,37.7725,34.762,46.010000000000005
2015-08-01,Brinjals,46.010000000000005,37.7725,51.5
2015-09-01,Brinjals,51.5,46.010000000000005,46.3625
2015-10-01,Brinjals,46.3625,51.5,86.03999999999999
2015-11-01,Brinjals,86.03999999999999,46.3625,131.68666666666667
2015-12-01,Brinjals,131.68666666666667,86.03999999999999,86.1925
2016-01-01,Brinjals,86.1925,131.68666666666667,52.105999999999995
2016-02-01,Brinjals,52.105999999999995,86.1925,70.765
2016-03-01,Brinjals,70.765,52.105999999999995,46.1575
2016-04-01,Brinjals,46.1575,70.765,76.444
2016-05-01,Brinjals,76.444,46.1575,86.44
2016-06-01,Brinjals,86.44,76.444,59.3175
2016-07-01,Brinjals,59.3175,86.44,58.234
2016-08-01,Brinjals,58.234,59.3175,56.28
2016-09-01,Brinjals,56.28,58.234,59.577999999999996
2016-10-01,Brinjals,59.577999999999996,56.28,53.2125
2016-11-01,Brinjals,53.2125,59.577999999999996,38.035
2016-12-01,Brinjals,38.035,53.2125,39.356
2017-01-01,Brinjals,39.356,38.035,47.379999999999995
2017-02-01,Brinjals,47.379999999999995,39.356,31.172619047619
2017-03-01,Brinjals,31.172619047619,47.379999999999995,57.50595238095235
2017-04-01,Brinjals,57.50595238095235,31.172619047619,79.58809523809522
2017-05-01,Brinjals,79.58809523809522,57.50595238095235,115.1666666666664
2017-06-01,Brinjals,115.1666666666664,79.58809523809522,86.63186813120139
2017-07-01,Brinjals,86.63186813120139,115.1666666666664,94.02380952380942
2017-08-01,Brinjals,94.02380952380942,86.63186813120139,117.99999999166626
2017-09-01,Brinjals,117.99999999166626,94.02380952380942,123.35091572571427
2017-10-01,Brinjals,123.35091572571427,117.99999999166626,141.219780225
2017-11-01,Brinjals,141.219780225,123.35091572571427,145.384615375
2017-12-01,Brinjals,145.384615375,141.219780225,74.516021978
2018-01-01,Brinjals,74.516021978,145.384615375,77.2390109875
2018-02-01,Brinjals,77.2390109875,74.516021978,96.8452380975
2018-03-01,Brinjals,96.8452380975,77.2390109875,90.12930402399999
2018-04-01,Brinjals,90.12930402399999,96.8452380975,118.958333325
2018-05-01,Brinjals,118.958333325,90.12930402399999,102.57142858
2018-06-01,Brinjals,102.57142858,118.958333325,107.16666666500001
2018-07-01,Brinjals,107.16666666500001,102.57142858,
2018-08-01,Brinjals,,107.16666666500001,
2018-09-01,Brinjals,,,
2018-10-01,Brinjals,,,
2018-11-01,Brinjals,,,59.16666667
2018-12-01,Brinjals,59.16666667,,72.3809523825
2019-01-01,Brinjals,72.3809523825,59.16666667,78.95833333499999
2019-02-01,Brinjals,78.95833333499999,72.3809523825,102.36888113
2019-03-01,Brinjals,102.36888113,78.95833333499999,90.45687645000001
2019-04-01,Brinjals,90.45687645000001,102.36888113,105.35183566750001
2019-05-01,Brinjals,105.35183566750001,90.45687645000001,166.571969725
2019-06-01,Brinjals,166.571969725,105.35183566750001,338.3333333
2019-07-01,Brinjals,338.3333333,166.571969725,
2019-08-01,Brinjals,,338.3333333,
2019-09-01,Brinjals,,,
2019-10-01,Brinjals,,,
2019-11-01,Brinjals,,,205.4545455
2019-12-01,Brinjals,205.4545455,,124.74431820000001
2020-01-01,Brinjals,124.74431820000001,205.4545455,99.4791666675
2020-02-01,Brinjals,99.4791666675,124.74431820000001,94.61538462
2020-03-01,Brinjals,94.61538462,99.4791666675,
2020-04-01,Brinjals,,94.61538462,97.75
2020-05-01,Brinjals,97.75,,72.604040404
2020-06-01,Brinjals,72.604040404,97.75,71.1666666675
2020-07-01,Brinjals,71.1666666675,72.604040404,96.565384616
2020-08-01,Brinjals,96.565384616,71.1666666675,63.583333332500004
2020-09-01,Brinjals,63.583333332500004,96.565384616,
2020-10-01,Brinjals,,63.583333332500004,
2020-11-01,Brinjals,,,
2020-12-01,Brinjals,,,178.5
2021-01-01,Brinjals,178.5,,170.416666675
2021-02-01,Brinjals,170.416666675,178.5,69.2
2021-03-01,Brinjals,69.2,170.416666675,158.0
2021-04-01,Brinjals,158.0,69.2,96.0
2021-05-01,Brinjals,96.0,158.0,145.0
2021-06-01,Brinjals,145.0,96.0,127.75
2021-07-01,Brinjals,127.75,145.0,151.0
2021-08-01,Brinjals,151.0,127.75,169.0
2021-09-01,Brinjals,169.0,151.0,187.5
2021-10-01,Brinjals,187.5,169.0,183.2
2021-11-01,Brinjals,183.2,187.5,289.75
2021-12-01,Brinjals,289.75,183.2,237.82222222000001
2022-01-01,Brinjals,237.82222222000001,289.75,173.75
2022-02-01,Brinjals,173.75,237.82222222000001,143.0
2022-03-01,Brinjals,143.0,173.75,200.0
2022-04-01,Brinjals,200.0,143.0,300.2
2022-05-01,Brinjals,300.2,200.0,293.5
2022-06-01,Brinjals,293.5,300.2,258.181818175
2022-07-01,Brinjals,258.181818175,293.5,353.6
2022-08-01,Brinjals,353.6,258.181818175,289.0
2022-09-01,Brinjals,289.0,353.6,264.4
2022-10-01,Brinjals,264.4,289.0,349.5
2022-11-01,Brinjals,349.5,264.4,196.25
2022-12-01,Brinjals,196.25,349.5,239.6
2023-01-01,Brinjals,239.6,196.25,146.25
2023-02-01,Brinjals,146.25,239.6,151.5
2023-03-01,Brinjals,151.5,146.25,233.02272727500002
2023-04-01,Brinjals,233.02272727500002,151.5,269.0
2023-05-01,Brinjals,269.0,233.02272727500002,202.0
2023-06-01,Brinjals,202.0,269.0,273.2
2023-07-01,Brinjals,273.2,202.0,216.0
2023-08-01,Brinjals,216.0,273.2,241.386363625
2023-09-01,Brinjals,241.386363625,216.0,262.6
2023-10-01,Brinjals,262.6,241.386363625,305.886363625
2023-11-01,Brinjals,305.886363625,262.6,407.5
2023-12-01,Brinjals,407.5,305.886363625,486.4
2024-01-01,Brinjals,486.4,407.5,211.5
2024-02-01,Brinjals,211.5,486.4,196.0
2024-03-01,Brinjals,196.0,211.5,157.2
2024-04-01,Brinjals,157.2,196.0,195.75
2024-05-01,Brinjals,195.75,157.2,354.5
2024-06-01,Brinjals,354.5,195.75,208.0
2024-07-01,Brinjals,208.0,354.5,216.75
2024-08-01,Brinjals,216.75,208.0,222.2
2024-09-01,Brinjals,222.2,216.75,173.5
2024-10-01,Brinjals,173.5,222.2,222.25
2024-11-01,Brinjals,222.25,173.5,308.6
2024-12-01,Brinjals,308.6,222.25,317.25
2025-01-01,Brinjals,317.25,308.6,340.25
2025-02-01,Brinjals,340.25,317.25,136.0
2025-03-01,Brinjals,136.0,340.25,
2012-01-01,Cabbage,50.412,,17.1925
2012-02-01,Cabbage,17.1925,50.412,14.966666666666669
2012-03-01,Cabbage,14.966666666666669,17.1925,13.468
2012-04-01,Cabbage,13.468,14.966666666666669,23.9125
2012-05-01,Cabbage,23.9125,13.468,40.2125
2012-06-01,Cabbage,40.2125,23.9125,36.227999999999994
2012-07-01,Cabbage,36.227999999999994,40.2125,51.0225
2012-08-01,Cabbage,51.0225,36.227999999999994,37.86
2012-09-01,Cabbage,37.86,51.0225,53.484
2012-10-01,Cabbage,53.484,37.86,74.375
2012-11-01,Cabbage,74.375,53.484,55.470000000000006
2012-12-01,Cabbage,55.470000000000006,74.375,57.6575
2013-01-01,Cabbage,57.6575,55.470000000000006,45.66
2013-02-01,Cabbage,45.66,57.6575,47.445
2013-03-01,Cabbage,47.445,45.66,45.1575
2013-04-01,Cabbage,45.1575,47.445,58.0
2013-05-01,Cabbage,58.0,45.1575,68.5675
2013-06-01,Cabbage,68.5675,58.0,64.6
2013-07-01,Cabbage,64.6,68.5675,51.875
2013-08-01,Cabbage,51.875,64.6,28.4
2013-09-01,Cabbage,28.4,51.875,17.802500000000002
2013-10-01,Cabbage,17.802500000000002,28.4,15.09
2013-11-01,Cabbage,15.09,17.802500000000002,14.756
2013-12-01,Cabbage,14.756,15.09,15.575
2014-01-01,Cabbage,15.575,14.756,19.235
2014-02-01,Cabbage,19.235,15.575,17.828
2014-03-01,Cabbage,17.828,19.235,15.48
2014-04-01,Cabbage,15.48,17.828,40.215
2014-05-01,Cabbage,40.215,15.48,79.412
2014-06-01,Cabbage,79.412,40.215,77.60499999999999
2014-07-01,Cabbage,77.60499999999999,79.412,59.25
2014-08-01,Cabbage,59.25,77.60499999999999,41.79
2014-09-01,Cabbage,41.79,59.25,32.125
2014-10-01,Cabbage,32.125,41.79,54.082499999999996
2014-11-01,Cabbage,54.082499999999996,32.125,76.4
2014-12-01,Cabbage,76.4,54.082499999999996,101.57
2015-01-01,Cabbage,101.57,76.4,75.66499999999999
2015-02-01,Cabbage,75.66499999999999,101.57,30.942
2015-03-01,Cabbage,30.942,75.66499999999999,28.6625
2015-04-01,Cabbage,28.6625,30.942,42.3125
2015-05-01,Cabbage,42.3125,28.6625,45.692
2015-06-01,Cabbage,45.692,42.3125,34.3375
2015-07-01,Cabbage,34.3375,45.692,41.372
2015-08-01,Cabbage,41.372,34.3375,29.045
2015-09-01,Cabbage,29.045,41.372,52.5275
2015-10-01,Cabbage,52.5275,29.045,111.59400000000001
2015-11-01,Cabbage,111.59400000000001,52.5275,116.34999999999998
2015-12-01,Cabbage,116.34999999999998,111.59400000000001,94.8325
2016-01-01,Cabbage,94.8325,116.34999999999998,69.438
2016-02-01,Cabbage,69.438,94.8325,49.015
2016-03-01,Cabbage,49.015,69.438,45.792500000000004
2016-04-01,Cabbage,45.792500000000004,49.015,66.9
2016-05-01,Cabbage,66.9,45.792500000000004,111.325
2016-06-01,Cabbage,111.325,66.9,92.5375
2016-07-01,Cabbage,92.5375,111.325,58.936
2016-08-01,Cabbage,58.936,92.5375,43.56
2016-09-01,Cabbage,43.56,58.936,35.852
2016-10-01,Cabbage,35.852,43.56,17.855
2016-11-01,Cabbage,17.855,35.852,17.4225
2016-12-01,Cabbage,17.4225,17.855,12.856
2017-01-01,Cabbage,12.856,17.4225,14.765
2017-02-01,Cabbage,14.765,12.856,22.19999999999995
2017-03-01,Cabbage,22.19999999999995,14.765,64.73214285630951
2017-04-01,Cabbage,64.73214285630951,22.19999999999995,116.89999999999948
2017-05-01,Cabbage,116.89999999999948,64.73214285630951,92.3798076911538
2017-06-01,Cabbage,92.3798076911538,116.89999999999948,74.72820512887176
2017-07-01,Cabbage,74.72820512887176,92.3798076911538,42.967948717115384
2017-08-01,Cabbage,42.967948717115384,74.72820512887176,45.82738095321427
2017-09-01,Cabbage,45.82738095321427,42.967948717115384,85.89560439514285
2017-10-01,Cabbage,85.89560439514285,45.82738095321427,96.6130952425
2017-11-01,Cabbage,96.6130952425,85.89560439514285,83.26923077000001
2017-12-01,Cabbage,83.26923077000001,96.6130952425,129.09420514
2018-01-01,Cabbage,129.09420514,83.26923077000001,100.4166666775
2018-02-01,Cabbage,100.4166666775,129.09420514,99.1185897325
2018-03-01,Cabbage,99.1185897325,100.4166666775,56.643772893999994
2018-04-01,Cabbage,56.643772893999994,99.1185897325,103.3035714075
2018-05-01,Cabbage,103.3035714075,56.643772893999994,92.625
2018-06-01,Cabbage,92.625,103.3035714075,75.91666666500001
2018-07-01,Cabbage,75.91666666500001,92.625,
2018-08-01,Cabbage,,75.91666666500001,
2018-09-01,Cabbage,,,
2018-10-01,Cabbage,,,
2018-11-01,Cabbage,,,21.25
2018-12-01,Cabbage,21.25,,23.731060605
2019-01-01,Cabbage,23.731060605,21.25,23.8352272725
2019-02-01,Cabbage,23.8352272725,23.731060605,51.1742424225
2019-03-01,Cabbage,51.1742424225,23.8352272725,99.828671316
2019-04-01,Cabbage,99.828671316,51.1742424225,103.7689394
2019-05-01,Cabbage,103.7689394,99.828671316,81.5530303125
2019-06-01,Cabbage,81.5530303125,103.7689394,112.7272727
2019-07-01,Cabbage,112.7272727,81.5530303125,
2019-08-01,Cabbage,,112.7272727,
2019-09-01,Cabbage,,,
2019-10-01,Cabbage,,,
2019-11-01,Cabbage,,,110.0
2019-12-01,Cabbage,110.0,,111.5719697075
2020-01-01,Cabbage,111.5719697075,110.0,92.666666675
2020-02-01,Cabbage,92.666666675,111.5719697075,77.5
2020-03-01,Cabbage,77.5,92.666666675,
2020-04-01,Cabbage,,77.5,39.75
2020-05-01,Cabbage,39.75,,75.056565658
2020-06-01,Cabbage,75.056565658,39.75,71.2386363625
2020-07-01,Cabbage,71.2386363625,75.056565658,96.572727272
2020-08-01,Cabbage,96.572727272,71.2386363625,75.5
2020-09-01,Cabbage,75.5,96.572727272,
2020-10-01,Cabbage,,75.5,
2020-11-01,Cabbage,,,
2020-12-01,Cabbage,,,44.5
2021-01-01,Cabbage,44.5,,75.2954545475
2021-02-01,Cabbage,75.2954545475,44.5,101.181818182
2021-03-01,Cabbage,101.181818182,75.2954545475,100.666666675
2021-04-01,Cabbage,100.666666675,101.181818182,93.03496503999999
2021-05-01,Cabbage,93.03496503999999,100.666666675,145.5
2021-06-01,Cabbage,145.5,93.03496503999999,115.0
2021-07-01,Cabbage,115.0,145.5,127.5
2021-08-01,Cabbage,127.5,115.0,99.8863636375
2021-09-01,Cabbage,99.8863636375,127.5,92.75
2021-10-01,Cabbage,92.75,99.8863636375,160.0
2021-11-01,Cabbage,160.0,92.75,294.75
2021-12-01,Cabbage,294.75,160.0,222.88888888000002
2022-01-01,Cabbage,222.88888888000002,294.75,106.75
2022-02-01,Cabbage,106.75,222.88888888000002,67.0
2022-03-01,Cabbage,67.0,106.75,64.5833333325
2022-04-01,Cabbage,64.5833333325,67.0,137.2
2022-05-01,Cabbage,137.2,64.5833333325,249.25
2022-06-01,Cabbage,249.25,137.2,248.0
2022-07-01,Cabbage,248.0,249.25,284.6
2022-08-01,Cabbage,284.6,248.0,311.25
2022-09-01,Cabbage,311.25,284.6,210.0
2022-10-01,Cabbage,210.0,311.25,152.25
2022-11-01,Cabbage,152.25,210.0,143.25
2022-12-01,Cabbage,143.25,152.25,72.8
2023-01-01,Cabbage,72.8,143.25,47.3863636375
2023-02-01,Cabbage,47.3863636375,72.8,54.0
2023-03-01,Cabbage,54.0,47.3863636375,99.47727272750001
2023-04-01,Cabbage,99.47727272750001,54.0,200.2
2023-05-01,Cabbage,200.2,99.47727272750001,200.75
2023-06-01,Cabbage,200.75,200.2,140.4
2023-07-01,Cabbage,140.4,200.75,133.0
2023-08-01,Cabbage,133.0,140.4,64.18560606
2023-09-01,Cabbage,64.18560606,133.0,93.58181819
2023-10-01,Cabbage,93.58181819,64.18560606,226.625
2023-11-01,Cabbage,226.625,93.58181819,336.333333325
2023-12-01,Cabbage,336.333333325,226.625,482.4
2024-01-01,Cabbage,482.4,336.333333325,382.25
2024-02-01,Cabbage,382.25,482.4,332.04545455
2024-03-01,Cabbage,332.04545455,382.25,132.6
2024-04-01,Cabbage,132.6,332.04545455,71.5
2024-05-01,Cabbage,71.5,132.6,124.66666667499999
2024-06-01,Cabbage,124.66666667499999,71.5,201.03636364
2024-07-01,Cabbage,201.03636364,124.66666667499999,191.363636375
2024-08-01,Cabbage,191.363636375,201.03636364,172.61818182
2024-09-01,Cabbage,172.61818182,191.363636375,93.6363636375
2024-10-01,Cabbage,93.6363636375,172.61818182,75.2916666675
2024-11-01,Cabbage,75.2916666675,93.6363636375,150.8
2024-12-01,Cabbage,150.8,75.2916666675,154.75
2025-01-01,Cabbage,154.75,150.8,278.0
2025-02-01,Cabbage,278.0,154.75,258.0
2025-03-01,Cabbage,258.0,278.0,
2012-01-01,Capsicum,127.6,,74.3075
2012-02-01,Capsicum,74.3075,127.6,66.52
2012-03-01,Capsicum,66.52,74.3075,91.4
2012-04-01,Capsicum,91.4,66.52,120.64
2012-05-01,Capsicum,120.64,91.4,139.2875
2012-06-01,Capsicum,139.2875,120.64,142.85399999999998
2012-07-01,Capsicum,142.85399999999998,139.2875,92.25
2012-08-01,Capsicum,92.25,142.85399999999998,65.3625
2012-09-01,Capsicum,65.3625,92.25,91.784
2012-10-01,Capsicum,91.784,65.3625,151.5625
2012-11-01,Capsicum,151.5625,91.784,179.75
2012-12-01,Capsicum,179.75,151.5625,197.8125
2013-01-01,Capsicum,197.8125,179.75,149.625
2013-02-01,Capsicum,149.625,197.8125,125.0625
2013-03-01,Capsicum,125.0625,149.625,92.1875
2013-04-01,Capsicum,92.1875,125.0625,123.695
2013-05-01,Capsicum,123.695,92.1875,174.09
2013-06-01,Capsicum,174.09,123.695,103.53399999999999
2013-07-01,Capsicum,103.53399999999999,174.09,46.269999999999996
2013-08-01,Capsicum,46.269999999999996,103.53399999999999,44.7
2013-09-01,Capsicum,44.7,46.269999999999996,86.3925
2013-10-01,Capsicum,86.3925,44.7,125.75
2013-11-01,Capsicum,125.75,86.3925,126.346
2013-12-01,Capsicum,126.346,125.75,80.7625
2014-01-01,Capsicum,80.7625,126.346,98.1375
2014-02-01,Capsicum,98.1375,80.7625,85.842
2014-03-01,Capsicum,85.842,98.1375,77.505
2014-04-01,Capsicum,77.505,85.842,116.16
2014-05-01,Capsicum,116.16,77.505,168.728
2014-06-01,Capsicum,168.728,116.16,168.905
2014-07-01,Capsicum,168.905,168.728,81.0
2014-08-01,Capsicum,81.0,168.905,66.47200000000001
2014-09-01,Capsicum,66.47200000000001,81.0,124.75
2014-10-01,Capsicum,124.75,66.47200000000001,182.5875
2014-11-01,Capsicum,182.5875,124.75,299.92600000000004
2014-12-01,Capsicum,299.92600000000004,182.5875,304.0725
2015-01-01,Capsicum,304.0725,299.92600000000004,190.355
2015-02-01,Capsicum,190.355,304.0725,140.91199999999998
2015-03-01,Capsicum,140.91199999999998,190.355,99.625
2015-04-01,Capsicum,99.625,140.91199999999998,132.815
2015-05-01,Capsicum,132.815,99.625,184.182
2015-06-01,Capsicum,184.182,132.815,167.3625
2015-07-01,Capsicum,167.3625,184.182,83.914
2015-08-01,Capsicum,83.914,167.3625,85.83
2015-09-01,Capsicum,85.83,83.914,161.45999999999998
2015-10-01,Capsicum,161.45999999999998,85.83,299.46
2015-11-01,Capsicum,299.46,161.45999999999998,349.56
2015-12-01,Capsicum,349.56,299.46,295.405
2016-01-01,Capsicum,295.405,349.56,207.776
2016-02-01,Capsicum,207.776,295.405,128.545
2016-03-01,Capsicum,128.545,207.776,104.125
2016-04-01,Capsicum,104.125,128.545,115.502
2016-05-01,Capsicum,115.502,104.125,219.5025
2016-06-01,Capsicum,219.5025,115.502,286.26
2016-07-01,Capsicum,286.26,219.5025,112.86399999999999
2016-08-01,Capsicum,112.86399999999999,286.26,72.4525
2016-09-01,Capsicum,72.4525,112.86399999999999,105.5
2016-10-01,Capsicum,105.5,72.4525,103.9575
2016-11-01,Capsicum,103.9575,105.5,154.1675
2016-12-01,Capsicum,154.1675,103.9575,160.16799999999998
2017-01-01,Capsicum,160.16799999999998,154.1675,155.0025
2017-02-01,Capsicum,155.0025,160.16799999999998,149.10256410256375
2017-03-01,Capsicum,149.10256410256375,155.0025,189.623397427564
2017-04-01,Capsicum,189.623397427564,149.10256410256375,181.45454545454498
2017-05-01,Capsicum,181.45454545454498,189.623397427564,201.45833333333326
2017-06-01,Capsicum,201.45833333333326,181.45454545454498,161.50000000666643
2017-07-01,Capsicum,161.50000000666643,201.45833333333326,90.20833332499998
2017-08-01,Capsicum,90.20833332499998,161.50000000666643,99.81570512903815
2017-09-01,Capsicum,99.81570512903815,90.20833332499998,184.6013986066667
2017-10-01,Capsicum,184.6013986066667,99.81570512903815,273.65384615
2017-11-01,Capsicum,273.65384615,184.6013986066667,248.54166665
2017-12-01,Capsicum,248.54166665,273.65384615,307.09933332
2018-01-01,Capsicum,307.09933332,248.54166665,151.875
2018-02-01,Capsicum,151.875,307.09933332,78.3333333425
2018-03-01,Capsicum,78.3333333425,151.875,102.333333326
2018-04-01,Capsicum,102.333333326,78.3333333425,254.375
2018-05-01,Capsicum,254.375,102.333333326,268.125
2018-06-01,Capsicum,268.125,254.375,252.08333335
2018-07-01,Capsicum,252.08333335,268.125,
2018-08-01,Capsicum,,252.08333335,
2018-09-01,Capsicum,,,
2018-10-01,Capsicum,,,
2018-11-01,Capsicum,,,177.0
2018-12-01,Capsicum,177.0,,186.75
2019-01-01,Capsicum,186.75,177.0,101.958333325
2019-02-01,Capsicum,101.958333325,186.75,129.75
2019-03-01,Capsicum,129.75,101.958333325,243.2
2019-04-01,Capsicum,243.2,129.75,258.25
2019-05-01,Capsicum,258.25,243.2,211.25
2019-06-01,Capsicum,211.25,258.25,294.0
2019-07-01,Capsicum,294.0,211.25,
2019-08-01,Capsicum,,294.0,
2019-09-01,Capsicum,,,
2019-10-01,Capsicum,,,
2019-11-01,Capsicum,,,282.0
2019-12-01,Capsicum,282.0,,292.25
2020-01-01,Capsicum,292.25,282.0,176.5
2020-02-01,Capsicum,176.5,292.25,130.0
2020-03-01,Capsicum,130.0,176.5,
2020-04-01,Capsicum,,130.0,95.5
2020-05-01,Capsicum,95.5,,153.78181818000002
2020-06-01,Capsicum,153.78181818000002,95.5,215.25
2020-07-01,Capsicum,215.25,153.78181818000002,260.38181818
2020-08-01,Capsicum,260.38181818,215.25,281.75
2020-09-01,Capsicum,281.75,260.38181818,
2020-10-01,Capsicum,,281.75,
2020-11-01,Capsicum,,,
2020-12-01,Capsicum,,,296.25
2021-01-01,Capsicum,296.25,,372.75
2021-02-01,Capsicum,372.75,296.25,221.6
2021-03-01,Capsicum,221.6,372.75,225.0
2021-04-01,Capsicum,225.0,221.6,180.33333333333334
2021-05-01,Capsicum,180.33333333333334,225.0,302.0
2021-06-01,Capsicum,302.0,180.33333333333334,244.068181825
2021-07-01,Capsicum,244.068181825,302.0,230.291666675
2021-08-01,Capsicum,230.291666675,244.068181825,158.886363625
2021-09-01,Capsicum,158.886363625,230.291666675,243.5
2021-10-01,Capsicum,243.5,158.886363625,393.4
2021-11-01,Capsicum,393.4,243.5,622.5
2021-12-01,Capsicum,622.5,393.4,561.66666666
2022-01-01,Capsicum,561.66666666,622.5,451.75
2022-02-01,Capsicum,451.75,561.66666666,239.0
2022-03-01,Capsicum,239.0,451.75,295.5
2022-04-01,Capsicum,295.5,239.0,450.2
2022-05-01,Capsicum,450.2,295.5,377.75
2022-06-01,Capsicum,377.75,450.2,554.0
2022-07-01,Capsicum,554.0,377.75,628.8
2022-08-01,Capsicum,628.8,554.0,623.5
2022-09-01,Capsicum,623.5,628.8,620.6
2022-10-01,Capsicum,620.6,623.5,760.25
2022-11-01,Capsicum,760.25,620.6,668.75
2022-12-01,Capsicum,668.75,760.25,689.4
2023-01-01,Capsicum,689.4,668.75,533.75
2023-02-01,Capsicum,533.75,689.4,322.9090909
2023-03-01,Capsicum,322.9090909,533.75,404.113636375
2023-04-01,Capsicum,404.113636375,322.9090909,351.0
2023-05-01,Capsicum,351.0,404.113636375,328.75
2023-06-01,Capsicum,328.75,351.0,325.6
2023-07-01,Capsicum,325.6,328.75,231.0
2023-08-01,Capsicum,231.0,325.6,209.32954545
2023-09-01,Capsicum,209.32954545,231.0,334.2
2023-10-01,Capsicum,334.2,209.32954545,561.3636363749999
2023-11-01,Capsicum,561.3636363749999,334.2,480.25
2023-12-01,Capsicum,480.25,561.3636363749999,698.0
2024-01-01,Capsicum,698.0,480.25,758.75
2024-02-01,Capsicum,758.75,698.0,398.75
2024-03-01,Capsicum,398.75,758.75,299.8909091
2024-04-01,Capsicum,299.8909091,398.75,179.0
2024-05-01,Capsicum,179.0,299.8909091,471.75
2024-06-01,Capsicum,471.75,179.0,671.0
2024-07-01,Capsicum,671.0,471.75,578.75
2024-08-01,Capsicum,578.75,671.0,457.55454546
2024-09-01,Capsicum,457.55454546,578.75,488.25
2024-10-01,Capsicum,488.25,457.55454546,481.25
2024-11-01,Capsicum,481.25,488.25,583.6
2024-12-01,Capsicum,583.6,481.25,686.25
2025-01-01,Capsicum,686.25,583.6,888.75
2025-02-01,Capsicum,888.75,686.25,510.0
2025-03-01,Capsicum,510.0,888.75,
2012-01-01,Carrot,71.152,,43.9475
2012-02-01,Carrot,43.9475,71.152,37.47
2012-03-01,Carrot,37.47,43.9475,33.2
2012-04-01,Carrot,33.2,37.47,54.68
2012-05-01,Carrot,54.68,33.2,99.76499999999999
2012-06-01,Carrot,99.76499999999999,54.68,93.382
2012-07-01,Carrot,93.382,99.76499999999999,89.78
2012-08-01,Carrot,89.78,93.382,73.705
2012-09-01,Carrot,73.705,89.78,91.172
2012-10-01,Carrot,91.172,73.705,172.64
2012-11-01,Carrot,172.64,91.172,135.924
2012-12-01,Carrot,135.924,172.64,134.6875
2013-01-01,Carrot,134.6875,135.924,110.875
2013-02-01,Carrot,110.875,134.6875,72.375
2013-03-01,Carrot,72.375,110.875,90.3325
2013-04-01,Carrot,90.3325,72.375,107.5275
2013-05-01,Carrot,107.5275,90.3325,113.185
2013-06-01,Carrot,113.185,107.5275,116.0
2013-07-01,Carrot,116.0,113.185,74.5
2013-08-01,Carrot,74.5,116.0,48.378
2013-09-01,Carrot,48.378,74.5,44.5725
2013-10-01,Carrot,44.5725,48.378,43.6925
2013-11-01,Carrot,43.6925,44.5725,55.236000000000004
2013-12-01,Carrot,55.236000000000004,43.6925,52.730000000000004
2014-01-01,Carrot,52.730000000000004,55.236000000000004,56.9775
2014-02-01,Carrot,56.9775,52.730000000000004,50.538
2014-03-01,Carrot,50.538,56.9775,58.0175
2014-04-01,Carrot,58.0175,50.538,102.485
2014-05-01,Carrot,102.485,58.0175,132.2
2014-06-01,Carrot,132.2,102.485,98.86
2014-07-01,Carrot,98.86,132.2,49.082499999999996
2014-08-01,Carrot,49.082499999999996,98.86,54.29
2014-09-01,Carrot,54.29,49.082499999999996,89.61
2014-10-01,Carrot,89.61,54.29,138.43
2014-11-01,Carrot,138.43,89.61,159.156
2014-12-01,Carrot,159.156,138.43,175.035
2015-01-01,Carrot,175.035,159.156,112.4675
2015-02-01,Carrot,112.4675,175.035,86.77799999999999
2015-03-01,Carrot,86.77799999999999,112.4675,89.29249999999999
2015-04-01,Carrot,89.29249999999999,86.77799999999999,131.4975
2015-05-01,Carrot,131.4975,89.29249999999999,171.56199999999998
2015-06-01,Carrot,171.56199999999998,131.4975,109.58500000000001
2015-07-01,Carrot,109.58500000000001,171.56199999999998,80.716
2015-08-01,Carrot,80.716,109.58500000000001,59.675
2015-09-01,Carrot,59.675,80.716,80.56
2015-10-01,Carrot,80.56,59.675,185.078
2015-11-01,Carrot,185.078,80.56,230.81333333333336
2015-12-01,Carrot,230.81333333333336,185.078,212.6575
2016-01-01,Carrot,212.6575,230.81333333333336,157.97
2016-02-01,Carrot,157.97,212.6575,81.815
2016-03-01,Carrot,81.815,157.97,76.3425
2016-04-01,Carrot,76.3425,81.815,96.0
2016-05-01,Carrot,96.0,76.3425,187.615
2016-06-01,Carrot,187.615,96.0,119.6275
2016-07-01,Carrot,119.6275,187.615,62.4
2016-08-01,Carrot,62.4,119.6275,57.5
2016-09-01,Carrot,57.5,62.4,63.666
2016-10-01,Carrot,63.666,57.5,69.8975
2016-11-01,Carrot,69.8975,63.666,86.0425
2016-12-01,Carrot,86.0425,69.8975,58.916
2017-01-01,Carrot,58.916,86.0425,41.667500000000004
2017-02-01,Carrot,41.667500000000004,58.916,51.62660256410253
2017-03-01,Carrot,51.62660256410253,41.667500000000004,110.729166675
2017-04-01,Carrot,110.729166675,51.62660256410253,210.282051282051
2017-05-01,Carrot,210.282051282051,110.729166675,220.000000008333
2017-06-01,Carrot,220.000000008333,210.282051282051,146.15151515151481
2017-07-01,Carrot,146.15151515151481,220.000000008333,88.33333334166664
2017-08-01,Carrot,88.33333334166664,146.15151515151481,76.66666666666666
2017-09-01,Carrot,76.66666666666666,88.33333334166664,100.83333334599999
2017-10-01,Carrot,100.83333334599999,76.66666666666666,153.333333325
2017-11-01,Carrot,153.333333325,100.83333334599999,111.71474359
2017-12-01,Carrot,111.71474359,153.333333325,208.56666666
2018-01-01,Carrot,208.56666666,111.71474359,246.041666675
2018-02-01,Carrot,246.041666675,208.56666666,222.537878775
2018-03-01,Carrot,222.537878775,246.041666675,110.000000014
2018-04-01,Carrot,110.000000014,222.537878775,218.12499997499998
2018-05-01,Carrot,218.12499997499998,110.000000014,181.04166665
2018-06-01,Carrot,181.04166665,218.12499997499998,94.58333333499999
2018-07-01,Carrot,94.58333333499999,181.04166665,
2018-08-01,Carrot,,94.58333333499999,
2018-09-01,Carrot,,,
2018-10-01,Carrot,,,
2018-11-01,Carrot,,,98.0
2018-12-01,Carrot,98.0,,94.25
2019-01-01,Carrot,94.25,98.0,68.75
2019-02-01,Carrot,68.75,94.25,61.0
2019-03-01,Carrot,61.0,68.75,102.6
2019-04-01,Carrot,102.6,61.0,190.0
2019-05-01,Carrot,190.0,102.6,204.0
2019-06-01,Carrot,204.0,190.0,322.0
2019-07-01,Carrot,322.0,204.0,
2019-08-01,Carrot,,322.0,
2019-09-01,Carrot,,,
2019-10-01,Carrot,,,
2019-11-01,Carrot,,,318.0
2019-12-01,Carrot,318.0,,379.5
2020-01-01,Carrot,379.5,318.0,186.5
2020-02-01,Carrot,186.5,379.5,137.0
2020-03-01,Carrot,137.0,186.5,
2020-04-01,Carrot,,137.0,72.0
2020-05-01,Carrot,72.0,,123.2
2020-06-01,Carrot,123.2,72.0,83.75
2020-07-01,Carrot,83.75,123.2,105.81818181999999
2020-08-01,Carrot,105.81818181999999,83.75,130.208333325
2020-09-01,Carrot,130.208333325,105.81818181999999,
2020-10-01,Carrot,,130.208333325,
2020-11-01,Carrot,,,
2020-12-01,Carrot,,,124.75
2021-01-01,Carrot,124.75,,153.75
2021-02-01,Carrot,153.75,124.75,139.8
2021-03-01,Carrot,139.8,153.75,135.0
2021-04-01,Carrot,135.0,139.8,121.22222223333334
2021-05-01,Carrot,121.22222223333334,135.0,140.2777778
2021-06-01,Carrot,140.2777778,121.22222223333334,118.25
2021-07-01,Carrot,118.25,140.2777778,106.865384625
2021-08-01,Carrot,106.865384625,118.25,78.25
2021-09-01,Carrot,78.25,106.865384625,105.0
2021-10-01,Carrot,105.0,78.25,220.2
2021-11-01,Carrot,220.2,105.0,349.25
2021-12-01,Carrot,349.25,220.2,379.84444444
2022-01-01,Carrot,379.84444444,349.25,358.75
2022-02-01,Carrot,358.75,379.84444444,216.25
2022-03-01,Carrot,216.25,358.75,126.25
2022-04-01,Carrot,126.25,216.25,226.8
2022-05-01,Carrot,226.8,126.25,252.5
2022-06-01,Carrot,252.5,226.8,242.8409091
2022-07-01,Carrot,242.8409091,252.5,240.9
2022-08-01,Carrot,240.9,242.8409091,281.45454545
2022-09-01,Carrot,281.45454545,240.9,280.8
2022-10-01,Carrot,280.8,281.45454545,335.75
2022-11-01,Carrot,335.75,280.8,271.5
2022-12-01,Carrot,271.5,335.75,158.0
2023-01-01,Carrot,158.0,271.5,107.5
2023-02-01,Carrot,107.5,158.0,95.4090909
2023-03-01,Carrot,95.4090909,107.5,112.0681818175
2023-04-01,Carrot,112.0681818175,95.4090909,204.0
2023-05-01,Carrot,204.0,112.0681818175,317.25
2023-06-01,Carrot,317.25,204.0,369.78181818
2023-07-01,Carrot,369.78181818,317.25,332.0
2023-08-01,Carrot,332.0,369.78181818,157.25
2023-09-01,Carrot,157.25,332.0,163.0
2023-10-01,Carrot,163.0,157.25,243.75
2023-11-01,Carrot,243.75,163.0,337.5
2023-12-01,Carrot,337.5,243.75,988.9666666
2024-01-01,Carrot,988.9666666,337.5,539.5
2024-02-01,Carrot,539.5,988.9666666,313.75
2024-03-01,Carrot,313.75,539.5,197.6
2024-04-01,Carrot,197.6,313.75,119.0
2024-05-01,Carrot,119.0,197.6,279.0
2024-06-01,Carrot,279.0,119.0,325.8
2024-07-01,Carrot,325.8,279.0,187.75
2024-08-01,Carrot,187.75,325.8,138.0
2024-09-01,Carrot,138.0,187.75,83.75
2024-10-01,Carrot,83.75,138.0,85.75
2024-11-01,Carrot,85.75,83.75,162.08888888
2024-12-01,Carrot,162.08888888,85.75,268.0
2025-01-01,Carrot,268.0,162.08888888,646.0454545499999
2025-02-01,Carrot,646.0454545499999,268.0,763.0
2025-03-01,Carrot,763.0,646.0454545499999,
2012-01-01,Cucumber,32.44,,31.575000000000003
2012-02-01,Cucumber,31.575000000000003,32.44,19.13
2012-03-01,Cucumber,19.13,31.575000000000003,20.34
2012-04-01,Cucumber,20.34,19.13,28.4875
2012-05-01,Cucumber,28.4875,20.34,29.6675
2012-06-01,Cucumber,29.6675,28.4875,16.857999999999997
2012-07-01,Cucumber,16.857999999999997,29.6675,21.2975
2012-08-01,Cucumber,21.2975,16.857999999999997,22.535
2012-09-01,Cucumber,22.535,21.2975,35.636
2012-10-01,Cucumber,35.636,22.535,43.845
2012-11-01,Cucumber,43.845,35.636,23.048000000000002
2012-12-01,Cucumber,23.048000000000002,43.845,48.97
2013-01-01,Cucumber,48.97,23.048000000000002,24.627499999999998
2013-02-01,Cucumber,24.627499999999998,48.97,11.0425
2013-03-01,Cucumber,11.0425,24.627499999999998,23.752499999999998
2013-04-01,Cucumber,23.752499999999998,11.0425,18.3325
2013-05-01,Cucumber,18.3325,23.752499999999998,19.12
2013-06-01,Cucumber,19.12,18.3325,16.52
2013-07-01,Cucumber,16.52,19.12,28.325
2013-08-01,Cucumber,28.325,16.52,19.7
2013-09-01,Cucumber,19.7,28.325,16.6425
2013-10-01,Cucumber,16.6425,19.7,18.575
2013-11-01,Cucumber,18.575,16.6425,20.7
2013-12-01,Cucumber,20.7,18.575,38.535
2014-01-01,Cucumber,38.535,20.7,33.795
2014-02-01,Cucumber,33.795,38.535,24.918
2014-03-01,Cucumber,24.918,33.795,28.865
2014-04-01,Cucumber,28.865,24.918,52.739999999999995
2014-05-01,Cucumber,52.739999999999995,28.865,39.946000000000005
2014-06-01,Cucumber,39.946000000000005,52.739999999999995,13.567499999999999
2014-07-01,Cucumber,13.567499999999999,39.946000000000005,11.925
2014-08-01,Cucumber,11.925,13.567499999999999,28.972
2014-09-01,Cucumber,28.972,11.925,38.875
2014-10-01,Cucumber,38.875,28.972,22.25
2014-11-01,Cucumber,22.25,38.875,61.8
2014-12-01,Cucumber,61.8,22.25,91.27
2015-01-01,Cucumber,91.27,61.8,33.635
2015-02-01,Cucumber,33.635,91.27,16.482
2015-03-01,Cucumber,16.482,33.635,26.91
2015-04-01,Cucumber,26.91,16.482,21.7825
2015-05-01,Cucumber,21.7825,26.91,37.010000000000005
2015-06-01,Cucumber,37.010000000000005,21.7825,24.6725
2015-07-01,Cucumber,24.6725,37.010000000000005,22.945999999999998
2015-08-01,Cucumber,22.945999999999998,24.6725,30.375
2015-09-01,Cucumber,30.375,22.945999999999998,31.4575
2015-10-01,Cucumber,31.4575,30.375,53.424
2015-11-01,Cucumber,53.424,31.4575,65.82
2015-12-01,Cucumber,65.82,53.424,29.7025
2016-01-01,Cucumber,29.7025,65.82,28.565999999999995
2016-02-01,Cucumber,28.565999999999995,29.7025,61.875
2016-03-01,Cucumber,61.875,28.565999999999995,42.74
2016-04-01,Cucumber,42.74,61.875,70.5
2016-05-01,Cucumber,70.5,42.74,53.1275
2016-06-01,Cucumber,53.1275,70.5,19.8
2016-07-01,Cucumber,19.8,53.1275,13.344
2016-08-01,Cucumber,13.344,19.8,34.86
2016-09-01,Cucumber,34.86,13.344,44.914
2016-10-01,Cucumber,44.914,34.86,56.515
2016-11-01,Cucumber,56.515,44.914,51.307500000000005
2016-12-01,Cucumber,51.307500000000005,56.515,90.334
2017-01-01,Cucumber,90.334,51.307500000000005,89.3725
2017-02-01,Cucumber,89.3725,90.334,26.1458333333333
2017-03-01,Cucumber,26.1458333333333,89.3725,18.2291666675
2017-04-01,Cucumber,18.2291666675,26.1458333333333,60.83333333333328
2017-05-01,Cucumber,60.83333333333328,18.2291666675,44.791666665833326
2017-06-01,Cucumber,44.791666665833326,60.83333333333328,21.75000000066664
2017-07-01,Cucumber,21.75000000066664,44.791666665833326,27.736742424242415
2017-08-01,Cucumber,27.736742424242415,21.75000000066664,41.666666667499975
2017-09-01,Cucumber,41.666666667499975,27.736742424242415,40.08333333466667
2017-10-01,Cucumber,40.08333333466667,41.666666667499975,37.708333335
2017-11-01,Cucumber,37.708333335,40.08333333466667,55.804924244999995
2017-12-01,Cucumber,55.804924244999995,37.708333335,34.276256409999995
2018-01-01,Cucumber,34.276256409999995,55.804924244999995,12.415750915
2018-02-01,Cucumber,12.415750915,34.276256409999995,23.3839285725
2018-03-01,Cucumber,23.3839285725,12.415750915,40.583333333999995
2018-04-01,Cucumber,40.583333333999995,23.3839285725,63.645833332500004
2018-05-01,Cucumber,63.645833332500004,40.583333333999995,22.291666665
2018-06-01,Cucumber,22.291666665,63.645833332500004,46.45833333
2018-07-01,Cucumber,46.45833333,22.291666665,
2018-08-01,Cucumber,,46.45833333,
2018-09-01,Cucumber,,,
2018-10-01,Cucumber,,,
2018-11-01,Cucumber,,,32.5
2018-12-01,Cucumber,32.5,,31.0
2019-01-01,Cucumber,31.0,32.5,36.805555555
2019-02-01,Cucumber,36.805555555,31.0,44.1931818175
2019-03-01,Cucumber,44.1931818175,36.805555555,35.1
2019-04-01,Cucumber,35.1,44.1931818175,47.625
2019-05-01,Cucumber,47.625,35.1,86.125
2019-06-01,Cucumber,86.125,47.625,98.0
2019-07-01,Cucumber,98.0,86.125,
2019-08-01,Cucumber,,98.0,
2019-09-01,Cucumber,,,
2019-10-01,Cucumber,,,
2019-11-01,Cucumber,,,75.0
2019-12-01,Cucumber,75.0,,70.295454545
2020-01-01,Cucumber,70.295454545,75.0,24.875
2020-02-01,Cucumber,24.875,70.295454545,24.0
2020-03-01,Cucumber,24.0,24.875,
2020-04-01,Cucumber,,24.0,38.5
2020-05-01,Cucumber,38.5,,41.754545453999995
2020-06-01,Cucumber,41.754545453999995,38.5,34.25
2020-07-01,Cucumber,34.25,41.754545453999995,39.7
2020-08-01,Cucumber,39.7,34.25,42.375
2020-09-01,Cucumber,42.375,39.7,
2020-10-01,Cucumber,,42.375,
2020-11-01,Cucumber,,,
2020-12-01,Cucumber,,,86.0
2021-01-01,Cucumber,86.0,,38.375
2021-02-01,Cucumber,38.375,86.0,31.0
2021-03-01,Cucumber,31.0,38.375,34.0
2021-04-01,Cucumber,34.0,31.0,38.666666666666664
2021-05-01,Cucumber,38.666666666666664,34.0,84.0
2021-06-01,Cucumber,84.0,38.666666666666664,88.0
2021-07-01,Cucumber,88.0,84.0,38.625
2021-08-01,Cucumber,38.625,88.0,21.125
2021-09-01,Cucumber,21.125,38.625,59.25
2021-10-01,Cucumber,59.25,21.125,74.1
2021-11-01,Cucumber,74.1,59.25,112.5
2021-12-01,Cucumber,112.5,74.1,84.6
2022-01-01,Cucumber,84.6,112.5,66.5
2022-02-01,Cucumber,66.5,84.6,46.875
2022-03-01,Cucumber,46.875,66.5,43.75
2022-04-01,Cucumber,43.75,46.875,99.6
2022-05-01,Cucumber,99.6,43.75,100.25
2022-06-01,Cucumber,100.25,99.6,91.75
2022-07-01,Cucumber,91.75,100.25,90.8
2022-08-01,Cucumber,90.8,91.75,117.0
2022-09-01,Cucumber,117.0,90.8,78.4
2022-10-01,Cucumber,78.4,117.0,52.25
2022-11-01,Cucumber,52.25,78.4,50.25
2022-12-01,Cucumber,50.25,52.25,102.8
2023-01-01,Cucumber,102.8,50.25,127.25
2023-02-01,Cucumber,127.25,102.8,60.5
2023-03-01,Cucumber,60.5,127.25,56.5227272725
2023-04-01,Cucumber,56.5227272725,60.5,89.27272728
2023-05-01,Cucumber,89.27272728,56.5227272725,95.5
2023-06-01,Cucumber,95.5,89.27272728,70.4
2023-07-01,Cucumber,70.4,95.5,72.0
2023-08-01,Cucumber,72.0,70.4,81.65909091
2023-09-01,Cucumber,81.65909091,72.0,80.8
2023-10-01,Cucumber,80.8,81.65909091,122.0
2023-11-01,Cucumber,122.0,80.8,116.75
2023-12-01,Cucumber,116.75,122.0,79.0
2024-01-01,Cucumber,79.0,116.75,88.25
2024-02-01,Cucumber,88.25,79.0,58.75
2024-03-01,Cucumber,58.75,88.25,83.8
2024-04-01,Cucumber,83.8,58.75,115.75
2024-05-01,Cucumber,115.75,83.8,96.75
2024-06-01,Cucumber,96.75,115.75,75.6
2024-07-01,Cucumber,75.6,96.75,44.5576923075
2024-08-01,Cucumber,44.5576923075,75.6,76.2
2024-09-01,Cucumber,76.2,44.5576923075,77.1363636375
2024-10-01,Cucumber,77.1363636375,76.2,119.5
2024-11-01,Cucumber,119.5,77.1363636375,127.8
2024-12-01,Cucumber,127.8,119.5,129.75
2025-01-01,Cucumber,129.75,127.8,138.0
2025-02-01,Cucumber,138.0,129.75,154.0
2025-03-01,Cucumber,154.0,138.0,
2012-03-01,Drumstics,192.5,,96.67
2012-04-01,Drumstics,96.67,192.5,
2012-05-01,Drumstics,,96.67,96.40666666666668
2012-06-01,Drumstics,96.40666666666668,,48.584
2012-07-01,Drumstics,48.584,96.40666666666668,86.4
2012-08-01,Drumstics,86.4,48.584,21.5575
2012-09-01,Drumstics,21.5575,86.4,40.742000000000004
2012-10-01,Drumstics,40.742000000000004,21.5575,95.47
2012-11-01,Drumstics,95.47,40.742000000000004,65.0
2012-12-01,Drumstics,65.0,95.47,
2013-01-01,Drumstics,,65.0,
2013-02-01,Drumstics,,,
2013-03-01,Drumstics,,,
2013-04-01,Drumstics,,,
2013-05-01,Drumstics,,,131.54999999999998
2013-06-01,Drumstics,131.54999999999998,,98.2
2013-07-01,Drumstics,98.2,131.54999999999998,53.25
2013-08-01,Drumstics,53.25,98.2,46.126
2013-09-01,Drumstics,46.126,53.25,56.822500000000005
2013-10-01,Drumstics,56.822500000000005,46.126,49.4375
2013-11-01,Drumstics,49.4375,56.822500000000005,130.5
2013-12-01,Drumstics,130.5,49.4375,
2014-01-01,Drumstics,,130.5,234.44666666666663
2014-02-01,Drumstics,234.44666666666663,,94.852
2014-03-01,Drumstics,94.852,234.44666666666663,49.4325
2014-04-01,Drumstics,49.4325,94.852,107.255
2014-05-01,Drumstics,107.255,49.4325,168.25
2014-06-01,Drumstics,168.25,107.255,43.25
2014-07-01,Drumstics,43.25,168.25,28.305
2014-08-01,Drumstics,28.305,43.25,38.577999999999996
2014-09-01,Drumstics,38.577999999999996,28.305,106.5
2014-10-01,Drumstics,106.5,38.577999999999996,136.25
2014-11-01,Drumstics,136.25,106.5,240.835
2014-12-01,Drumstics,240.835,136.25,
2015-01-01,Drumstics,,240.835,284.26
2015-02-01,Drumstics,284.26,,191.482
2015-03-01,Drumstics,191.482,284.26,220.41666666666666
2015-04-01,Drumstics,220.41666666666666,191.482,176.19
2015-05-01,Drumstics,176.19,220.41666666666666,156.168
2015-06-01,Drumstics,156.168,176.19,58.335
2015-07-01,Drumstics,58.335,156.168,76.6
2015-08-01,Drumstics,76.6,58.335,95.88
2015-09-01,Drumstics,95.88,76.6,106.845
2015-10-01,Drumstics,106.845,95.88,248.536
2015-11-01,Drumstics,248.536,106.845,352.5
2015-12-01,Drumstics,352.5,248.536,400.0
2016-01-01,Drumstics,400.0,352.5,251.898
2016-02-01,Drumstics,251.898,400.0,152.21
2016-03-01,Drumstics,152.21,251.898,177.0
2016-04-01,Drumstics,177.0,152.21,172.968
2016-05-01,Drumstics,172.968,177.0,211.8125
2016-06-01,Drumstics,211.8125,172.968,145.2775
2016-07-01,Drumstics,145.2775,211.8125,43.198
2016-08-01,Drumstics,43.198,145.2775,77.68
2016-09-01,Drumstics,77.68,43.198,55.218
2016-10-01,Drumstics,55.218,77.68,47.5
2016-11-01,Drumstics,47.5,55.218,137.70749999999998
2016-12-01,Drumstics,137.70749999999998,47.5,
2017-01-01,Drumstics,,137.70749999999998,
2017-02-01,Drumstics,,,172.0
2017-03-01,Drumstics,172.0,,
2017-04-01,Drumstics,,172.0,148.47676767676722
2017-05-01,Drumstics,148.47676767676722,,121.45833333333307
2017-06-01,Drumstics,121.45833333333307,148.47676767676722,113.8717948784612
2017-07-01,Drumstics,113.8717948784612,121.45833333333307,33.333333332499976
2017-08-01,Drumstics,33.333333332499976,113.8717948784612,37.0833333333333
2017-09-01,Drumstics,37.0833333333333,33.333333332499976,140.83333334666668
2017-10-01,Drumstics,140.83333334666668,37.0833333333333,169.166666675
2017-11-01,Drumstics,169.166666675,140.83333334666668,231.83333335
2017-12-01,Drumstics,231.83333335,169.166666675,250.81177778
2018-01-01,Drumstics,250.81177778,231.83333335,62.291666667499996
2018-02-01,Drumstics,62.291666667499996,250.81177778,60.416666667499996
2018-03-01,Drumstics,60.416666667499996,62.291666667499996,90.83333333200001
2018-04-01,Drumstics,90.83333333200001,60.416666667499996,173.33333335
2018-05-01,Drumstics,173.33333335,90.83333333200001,
2018-06-01,Drumstics,,173.33333335,
2018-07-01,Drumstics,,,
2018-08-01,Drumstics,,,
2018-09-01,Drumstics,,,
2018-10-01,Drumstics,,,
2018-11-01,Drumstics,,,173.0
2018-12-01,Drumstics,173.0,,103.25
2019-01-01,Drumstics,103.25,173.0,43.125
2019-02-01,Drumstics,43.125,103.25,63.068181817500005
2019-03-01,Drumstics,63.068181817500005,43.125,141.8090909
2019-04-01,Drumstics,141.8090909,63.068181817500005,218.75
2019-05-01,Drumstics,218.75,141.8090909,
2019-06-01,Drumstics,,218.75,
2019-07-01,Drumstics,,,
2019-08-01,Drumstics,,,
2019-09-01,Drumstics,,,
2019-10-01,Drumstics,,,
2019-11-01,Drumstics,,,
2019-12-01,Drumstics,,,
2020-01-01,Drumstics,,,
2020-02-01,Drumstics,,,
2020-03-01,Drumstics,,,
2020-04-01,Drumstics,,,
2020-05-01,Drumstics,,,198.58333333333334
2020-06-01,Drumstics,198.58333333333334,,53.5277777775
2020-07-01,Drumstics,53.5277777775,198.58333333333334,136.2
2020-08-01,Drumstics,136.2,53.5277777775,172.75
2020-09-01,Drumstics,172.75,136.2,
2020-10-01,Drumstics,,172.75,
2020-11-01,Drumstics,,,
2020-12-01,Drumstics,,,
2021-01-01,Drumstics,,,
2021-02-01,Drumstics,,,
2021-03-01,Drumstics,,,196.636363625
2021-04-01,Drumstics,196.636363625,,345.3333333333333
2021-05-01,Drumstics,345.3333333333333,196.636363625,
2021-06-01,Drumstics,,345.3333333333333,212.5
2021-07-01,Drumstics,212.5,,159.01923077499998
2021-08-01,Drumstics,159.01923077499998,212.5,145.75
2021-09-01,Drumstics,145.75,159.01923077499998,167.75
2021-10-01,Drumstics,167.75,145.75,185.0
2021-11-01,Drumstics,185.0,167.75,
2021-12-01,Drumstics,,185.0,
2022-01-01,Drumstics,,,
2022-02-01,Drumstics,,,267.0
2022-03-01,Drumstics,267.0,,286.0
2022-04-01,Drumstics,286.0,267.0,337.8181818
2022-05-01,Drumstics,337.8181818,286.0,235.5555556
2022-06-01,Drumstics,235.5555556,337.8181818,229.75
2022-07-01,Drumstics,229.75,235.5555556,271.6909091
2022-08-01,Drumstics,271.6909091,229.75,361.25
2022-09-01,Drumstics,361.25,271.6909091,287.4
2022-10-01,Drumstics,287.4,361.25,250.0
2022-11-01,Drumstics,250.0,287.4,
2022-12-01,Drumstics,,250.0,
2023-01-01,Drumstics,,,
2023-02-01,Drumstics,,,
2023-03-01,Drumstics,,,380.0
2023-04-01,Drumstics,380.0,,469.625641
2023-05-01,Drumstics,469.625641,380.0,580.4487179333333
2023-06-01,Drumstics,580.4487179333333,469.625641,309.35454544
2023-07-01,Drumstics,309.35454544,580.4487179333333,194.174783575
2023-08-01,Drumstics,194.174783575,309.35454544,78.125
2023-09-01,Drumstics,78.125,194.174783575,164.88787878
2023-10-01,Drumstics,164.88787878,78.125,391.69230769999996
2023-11-01,Drumstics,391.69230769999996,164.88787878,
2023-12-01,Drumstics,,391.69230769999996,
2024-01-01,Drumstics,,,
2024-02-01,Drumstics,,,289.5
2024-03-01,Drumstics,289.5,,288.75
2024-04-01,Drumstics,288.75,289.5,440.8624708666666
2024-05-01,Drumstics,440.8624708666666,288.75,660.6060606
2024-06-01,Drumstics,660.6060606,440.8624708666666,222.5595238
2024-07-01,Drumstics,222.5595238,660.6060606,91.35989010750001
2024-08-01,Drumstics,91.35989010750001,222.5595238,272.26739928
2024-09-01,Drumstics,272.26739928,91.35989010750001,264.46520145
2024-10-01,Drumstics,264.46520145,272.26739928,200.753205125
2024-11-01,Drumstics,200.753205125,264.46520145,
2012-01-01,Knolkhol,58.223333333333336,,42.71
2012-02-01,Knolkhol,42.71,58.223333333333336,38.04666666666667
2012-03-01,Knolkhol,38.04666666666667,42.71,35.7
2012-04-01,Knolkhol,35.7,38.04666666666667,53.8525
2012-05-01,Knolkhol,53.8525,35.7,63.0
2012-06-01,Knolkhol,63.0,53.8525,34.318
2012-07-01,Knolkhol,34.318,63.0,30.192500000000003
2012-08-01,Knolkhol,30.192500000000003,34.318,25.5925
2012-09-01,Knolkhol,25.5925,30.192500000000003,47.494
2012-10-01,Knolkhol,47.494,25.5925,81.875
2012-11-01,Knolkhol,81.875,47.494,81.96000000000001
2012-12-01,Knolkhol,81.96000000000001,81.875,91.75
2013-01-01,Knolkhol,91.75,81.96000000000001,78.0625
2013-02-01,Knolkhol,78.0625,91.75,48.4025
2013-03-01,Knolkhol,48.4025,78.0625,32.5
2013-04-01,Knolkhol,32.5,48.4025,45.042500000000004
2013-05-01,Knolkhol,45.042500000000004,32.5,51.3575
2013-06-01,Knolkhol,51.3575,45.042500000000004,30.79
2013-07-01,Knolkhol,30.79,51.3575,22.525
2013-08-01,Knolkhol,22.525,30.79,22.282
2013-09-01,Knolkhol,22.282,22.525,33.75
2013-10-01,Knolkhol,33.75,22.282,38.2375
2013-11-01,Knolkhol,38.2375,33.75,56.1
2013-12-01,Knolkhol,56.1,38.2375,56.095
2014-01-01,Knolkhol,56.095,56.1,49.7775
2014-02-01,Knolkhol,49.7775,56.095,33.75
2014-03-01,Knolkhol,33.75,49.7775,29.75
2014-04-01,Knolkhol,29.75,33.75,48.3525
2014-05-01,Knolkhol,48.3525,29.75,69.97999999999999
2014-06-01,Knolkhol,69.97999999999999,48.3525,38.625
2014-07-01,Knolkhol,38.625,69.97999999999999,21.8675
2014-08-01,Knolkhol,21.8675,38.625,28.592000000000002
2014-09-01,Knolkhol,28.592000000000002,21.8675,39.965
2014-10-01,Knolkhol,39.965,28.592000000000002,53.25
2014-11-01,Knolkhol,53.25,39.965,63.30799999999999
2014-12-01,Knolkhol,63.30799999999999,53.25,82.905
2015-01-01,Knolkhol,82.905,63.30799999999999,69.75
2015-02-01,Knolkhol,69.75,82.905,42.370000000000005
2015-03-01,Knolkhol,42.370000000000005,69.75,31.8975
2015-04-01,Knolkhol,31.8975,42.370000000000005,53.5575
2015-05-01,Knolkhol,53.5575,31.8975,81.41
2015-06-01,Knolkhol,81.41,53.5575,56.4725
2015-07-01,Knolkhol,56.4725,81.41,39.714
2015-08-01,Knolkhol,39.714,56.4725,41.91
2015-09-01,Knolkhol,41.91,39.714,56.7225
2015-10-01,Knolkhol,56.7225,41.91,107.694
2015-11-01,Knolkhol,107.694,56.7225,131.62333333333333
2015-12-01,Knolkhol,131.62333333333333,107.694,115.4625
2016-01-01,Knolkhol,115.4625,131.62333333333333,75.986
2016-02-01,Knolkhol,75.986,115.4625,57.865
2016-03-01,Knolkhol,57.865,75.986,41.6475
2016-04-01,Knolkhol,41.6475,57.865,68.834
2016-05-01,Knolkhol,68.834,41.6475,115.5875
2016-06-01,Knolkhol,115.5875,68.834,63.582499999999996
2016-07-01,Knolkhol,63.582499999999996,115.5875,30.613999999999997
2016-08-01,Knolkhol,30.613999999999997,63.582499999999996,32.167500000000004
2016-09-01,Knolkhol,32.167500000000004,30.613999999999997,41.834
2016-10-01,Knolkhol,41.834,32.167500000000004,41.805
2016-11-01,Knolkhol,41.805,41.834,63.96
2016-12-01,Knolkhol,63.96,41.805,60.251999999999995
2017-01-01,Knolkhol,60.251999999999995,63.96,52.707499999999996
2017-02-01,Knolkhol,52.707499999999996,60.251999999999995,57.66098484848482
2017-03-01,Knolkhol,57.66098484848482,52.707499999999996,72.81249999999997
2017-04-01,Knolkhol,72.81249999999997,57.66098484848482,89.08333333333333
2017-05-01,Knolkhol,89.08333333333333,72.81249999999997,86.36363636280299
2017-06-01,Knolkhol,86.36363636280299,89.08333333333333,51.166666667333324
2017-07-01,Knolkhol,51.166666667333324,86.36363636280299,46.04166666666665
2017-08-01,Knolkhol,46.04166666666665,51.166666667333324,52.3958333333333
2017-09-01,Knolkhol,52.3958333333333,46.04166666666665,76.91666666466668
2017-10-01,Knolkhol,76.91666666466668,52.3958333333333,87.740384615
2017-11-01,Knolkhol,87.740384615,76.91666666466668,97.21590909
2017-12-01,Knolkhol,97.21590909,87.740384615,103.75733333999999
2018-01-01,Knolkhol,103.75733333999999,97.21590909,52.9166666675
2018-02-01,Knolkhol,52.9166666675,103.75733333999999,26.25
2018-03-01,Knolkhol,26.25,52.9166666675,40.333333333999995
2018-04-01,Knolkhol,40.333333333999995,26.25,99.64015150750001
2018-05-01,Knolkhol,99.64015150750001,40.333333333999995,104.2147436075
2018-06-01,Knolkhol,104.2147436075,99.64015150750001,89.58333333499999
2018-07-01,Knolkhol,89.58333333499999,104.2147436075,
2018-08-01,Knolkhol,,89.58333333499999,
2018-09-01,Knolkhol,,,
2018-10-01,Knolkhol,,,
2018-11-01,Knolkhol,,,35.0
2018-12-01,Knolkhol,35.0,,36.25
2019-01-01,Knolkhol,36.25,35.0,45.7272727275
2019-02-01,Knolkhol,45.7272727275,36.25,63.25
2019-03-01,Knolkhol,63.25,45.7272727275,81.0
2019-04-01,Knolkhol,81.0,63.25,108.977272725
2019-05-01,Knolkhol,108.977272725,81.0,127.75
2019-06-01,Knolkhol,127.75,108.977272725,166.0
2019-07-01,Knolkhol,166.0,127.75,
2019-08-01,Knolkhol,,166.0,
2019-09-01,Knolkhol,,,
2019-10-01,Knolkhol,,,
2019-11-01,Knolkhol,,,153.0
2019-12-01,Knolkhol,153.0,,141.75
2020-01-01,Knolkhol,141.75,153.0,86.0
2020-02-01,Knolkhol,86.0,141.75,46.0
2020-03-01,Knolkhol,46.0,86.0,
2020-04-01,Knolkhol,,46.0,48.0
2020-05-01,Knolkhol,48.0,,78.8
2020-06-01,Knolkhol,78.8,48.0,64.0277777775
2020-07-01,Knolkhol,64.0277777775,78.8,79.75454545400001
2020-08-01,Knolkhol,79.75454545400001,64.0277777775,94.4166666675
2020-09-01,Knolkhol,94.4166666675,79.75454545400001,
2020-10-01,Knolkhol,,94.4166666675,
2020-11-01,Knolkhol,,,
2020-12-01,Knolkhol,,,136.75
2021-01-01,Knolkhol,136.75,,114.0
2021-02-01,Knolkhol,114.0,136.75,84.0
2021-03-01,Knolkhol,84.0,114.0,55.75
2021-04-01,Knolkhol,55.75,84.0,75.66666666666667
2021-05-01,Knolkhol,75.66666666666667,55.75,132.5
2021-06-01,Knolkhol,132.5,75.66666666666667,111.0
2021-07-01,Knolkhol,111.0,132.5,101.041666675
2021-08-01,Knolkhol,101.041666675,111.0,78.0
2021-09-01,Knolkhol,78.0,101.041666675,80.0
2021-10-01,Knolkhol,80.0,78.0,142.4
2021-11-01,Knolkhol,142.4,80.0,230.625
2021-12-01,Knolkhol,230.625,142.4,209.04444444
2022-01-01,Knolkhol,209.04444444,230.625,125.0
2022-02-01,Knolkhol,125.0,209.04444444,90.72727272750001
2022-03-01,Knolkhol,90.72727272750001,125.0,103.25
2022-04-01,Knolkhol,103.25,90.72727272750001,160.2
2022-05-01,Knolkhol,160.2,103.25,208.75
2022-06-01,Knolkhol,208.75,160.2,140.5
2022-07-01,Knolkhol,140.5,208.75,127.0
2022-08-01,Knolkhol,127.0,140.5,191.25
2022-09-01,Knolkhol,191.25,127.0,184.4
2022-10-01,Knolkhol,184.4,191.25,208.25
2022-11-01,Knolkhol,208.25,184.4,229.5
2022-12-01,Knolkhol,229.5,208.25,227.8
2023-01-01,Knolkhol,227.8,229.5,137.0
2023-02-01,Knolkhol,137.0,227.8,113.0
2023-03-01,Knolkhol,113.0,137.0,96.09090909
2023-04-01,Knolkhol,96.09090909,113.0,178.38585858000002
2023-05-01,Knolkhol,178.38585858000002,96.09090909,196.25
2023-06-01,Knolkhol,196.25,178.38585858000002,107.2
2023-07-01,Knolkhol,107.2,196.25,71.75
2023-08-01,Knolkhol,71.75,107.2,68.0
2023-09-01,Knolkhol,68.0,71.75,100.8
2023-10-01,Knolkhol,100.8,68.0,207.0
2023-11-01,Knolkhol,207.0,100.8,256.0
2023-12-01,Knolkhol,256.0,207.0,283.2
2024-01-01,Knolkhol,283.2,256.0,240.75
2024-02-01,Knolkhol,240.75,283.2,125.25
2024-03-01,Knolkhol,125.25,240.75,61.8
2024-04-01,Knolkhol,61.8,125.25,127.75
2024-05-01,Knolkhol,127.75,61.8,263.72727272500003
2024-06-01,Knolkhol,263.72727272500003,127.75,182.4
2024-07-01,Knolkhol,182.4,263.72727272500003,90.5
2024-08-01,Knolkhol,90.5,182.4,101.6
2024-09-01,Knolkhol,101.6,90.5,90.75
2024-10-01,Knolkhol,90.75,101.6,136.75
2024-11-01,Knolkhol,136.75,90.75,246.32727272000002
2024-12-01,Knolkhol,246.32727272000002,136.75,206.3030303
2025-01-01,Knolkhol,206.3030303,246.32727272000002,196.75
2025-02-01,Knolkhol,196.75,206.3030303,170.9090909
2025-03-01,Knolkhol,170.9090909,196.75,
2012-01-01,Leeks,49.5,,48.485
2012-02-01,Leeks,48.485,49.5,50.94
2012-03-01,Leeks,50.94,48.485,62.1
2012-04-01,Leeks,62.1,50.94,113.405
2012-05-01,Leeks,113.405,62.1,112.89
2012-06-01,Leeks,112.89,113.405,89.76
2012-07-01,Leeks,89.76,112.89,68.5
2012-08-01,Leeks,68.5,89.76,56.7475
2012-09-01,Leeks,56.7475,68.5,53.928
2012-10-01,Leeks,53.928,56.7475,51.565
2012-11-01,Leeks,51.565,53.928,70.25
2012-12-01,Leeks,70.25,51.565,85.545
2013-01-01,Leeks,85.545,70.25,67.25
2013-02-01,Leeks,67.25,85.545,58.2825
2013-03-01,Leeks,58.2825,67.25,67.5
2013-04-01,Leeks,67.5,58.2825,92.7775
2013-05-01,Leeks,92.7775,67.5,97.56
2013-06-01,Leeks,97.56,92.7775,74.7
2013-07-01,Leeks,74.7,97.56,58.75
2013-08-01,Leeks,58.75,74.7,45.13
2013-09-01,Leeks,45.13,58.75,40.825
2013-10-01,Leeks,40.825,45.13,38.75
2013-11-01,Leeks,38.75,40.825,40.318
2013-12-01,Leeks,40.318,38.75,44.355000000000004
2014-01-01,Leeks,44.355000000000004,40.318,44.1125
2014-02-01,Leeks,44.1125,44.355000000000004,31.564
2014-03-01,Leeks,31.564,44.1125,28.427500000000002
2014-04-01,Leeks,28.427500000000002,31.564,32.115
2014-05-01,Leeks,32.115,28.427500000000002,52.970000000000006
2014-06-01,Leeks,52.970000000000006,32.115,41.0
2014-07-01,Leeks,41.0,52.970000000000006,38.75
2014-08-01,Leeks,38.75,41.0,78.0
2014-09-01,Leeks,78.0,38.75,96.47749999999999
2014-10-01,Leeks,96.47749999999999,78.0,146.9075
2014-11-01,Leeks,146.9075,96.47749999999999,188.928
2014-12-01,Leeks,188.928,146.9075,212.4625
2015-01-01,Leeks,212.4625,188.928,140.2875
2015-02-01,Leeks,140.2875,212.4625,102.284
2015-03-01,Leeks,102.284,140.2875,94.1225
2015-04-01,Leeks,94.1225,102.284,136.72500000000002
2015-05-01,Leeks,136.72500000000002,94.1225,98.606
2015-06-01,Leeks,98.606,136.72500000000002,65.0825
2015-07-01,Leeks,65.0825,98.606,41.589999999999996
2015-08-01,Leeks,41.589999999999996,65.0825,32.8175
2015-09-01,Leeks,32.8175,41.589999999999996,35.7325
2015-10-01,Leeks,35.7325,32.8175,96.788
2015-11-01,Leeks,96.788,35.7325,102.31
2015-12-01,Leeks,102.31,96.788,84.895
2016-01-01,Leeks,84.895,102.31,74.02799999999999
2016-02-01,Leeks,74.02799999999999,84.895,58.542500000000004
2016-03-01,Leeks,58.542500000000004,74.02799999999999,68.97749999999999
2016-04-01,Leeks,68.97749999999999,58.542500000000004,102.5
2016-05-01,Leeks,102.5,68.97749999999999,138.5375
2016-06-01,Leeks,138.5375,102.5,88.125
2016-07-01,Leeks,88.125,138.5375,64.466
2016-08-01,Leeks,64.466,88.125,73.7175
2016-09-01,Leeks,73.7175,64.466,84.834
2016-10-01,Leeks,84.834,73.7175,56.1475
2016-11-01,Leeks,56.1475,84.834,55.21
2016-12-01,Leeks,55.21,56.1475,42.5
2017-01-01,Leeks,42.5,55.21,23.75
2017-02-01,Leeks,23.75,42.5,26.979166666666625
2017-03-01,Leeks,26.979166666666625,23.75,37.604166667499996
2017-04-01,Leeks,37.604166667499996,26.979166666666625,44.74999999999998
2017-05-01,Leeks,44.74999999999998,37.604166667499996,60.000000000833296
2017-06-01,Leeks,60.000000000833296,44.74999999999998,54.24999999999998
2017-07-01,Leeks,54.24999999999998,60.000000000833296,46.04166666583332
2017-08-01,Leeks,46.04166666583332,54.24999999999998,88.3333333324998
2017-09-01,Leeks,88.3333333324998,46.04166666583332,141.66666666666669
2017-10-01,Leeks,141.66666666666669,88.3333333324998,161.666666675
2017-11-01,Leeks,161.666666675,141.66666666666669,190.113636375
2017-12-01,Leeks,190.113636375,161.666666675,140.86599999999999
2018-01-01,Leeks,140.86599999999999,190.113636375,58.958333332500004
2018-02-01,Leeks,58.958333332500004,140.86599999999999,45.9375
2018-03-01,Leeks,45.9375,58.958333332500004,44.682983682
2018-04-01,Leeks,44.682983682,45.9375,122.083333325
2018-05-01,Leeks,122.083333325,44.682983682,150.88141025
2018-06-01,Leeks,150.88141025,122.083333325,110.41666665
2018-07-01,Leeks,110.41666665,150.88141025,
2018-08-01,Leeks,,110.41666665,
2018-09-01,Leeks,,,
2018-10-01,Leeks,,,
2018-11-01,Leeks,,,42.0
2018-12-01,Leeks,42.0,,43.5
2019-01-01,Leeks,43.5,42.0,34.75
2019-02-01,Leeks,34.75,43.5,51.5
2019-03-01,Leeks,51.5,34.75,79.6
2019-04-01,Leeks,79.6,51.5,189.636363625
2019-05-01,Leeks,189.636363625,79.6,262.0
2019-06-01,Leeks,262.0,189.636363625,315.0
2019-07-01,Leeks,315.0,262.0,
2019-08-01,Leeks,,315.0,
2019-09-01,Leeks,,,
2019-10-01,Leeks,,,
2019-11-01,Leeks,,,302.0
2019-12-01,Leeks,302.0,,261.25
2020-01-01,Leeks,261.25,302.0,155.75
2020-02-01,Leeks,155.75,261.25,115.0
2020-03-01,Leeks,115.0,155.75,
2020-04-01,Leeks,,115.0,97.722222225
2020-05-01,Leeks,97.722222225,,101.418181818
2020-06-01,Leeks,101.418181818,97.722222225,53.5
2020-07-01,Leeks,53.5,101.418181818,49.2
2020-08-01,Leeks,49.2,53.5,50.625
2020-09-01,Leeks,50.625,49.2,
2020-10-01,Leeks,,50.625,
2020-11-01,Leeks,,,
2020-12-01,Leeks,,,55.0
2021-01-01,Leeks,55.0,,89.0
2021-02-01,Leeks,89.0,55.0,76.6
2021-03-01,Leeks,76.6,89.0,64.25
2021-04-01,Leeks,64.25,76.6,64.51851852
2021-05-01,Leeks,64.51851852,64.25,180.5
2021-06-01,Leeks,180.5,64.51851852,154.75
2021-07-01,Leeks,154.75,180.5,194.26923077499998
2021-08-01,Leeks,194.26923077499998,154.75,149.5
2021-09-01,Leeks,149.5,194.26923077499998,161.25
2021-10-01,Leeks,161.25,149.5,224.0
2021-11-01,Leeks,224.0,161.25,274.5
2021-12-01,Leeks,274.5,224.0,202.95555556
2022-01-01,Leeks,202.95555556,274.5,109.25
2022-02-01,Leeks,109.25,202.95555556,78.75
2022-03-01,Leeks,78.75,109.25,100.0
2022-04-01,Leeks,100.0,78.75,137.6
2022-05-01,Leeks,137.6,100.0,170.75
2022-06-01,Leeks,170.75,137.6,182.75
2022-07-01,Leeks,182.75,170.75,156.2
2022-08-01,Leeks,156.2,182.75,193.25
2022-09-01,Leeks,193.25,156.2,183.4
2022-10-01,Leeks,183.4,193.25,270.25
2022-11-01,Leeks,270.25,183.4,333.0
2022-12-01,Leeks,333.0,270.25,224.58181817999997
2023-01-01,Leeks,224.58181817999997,333.0,174.25
2023-02-01,Leeks,174.25,224.58181817999997,156.75
2023-03-01,Leeks,156.75,174.25,170.20454545
2023-04-01,Leeks,170.20454545,156.75,230.6
2023-05-01,Leeks,230.6,170.20454545,241.0
2023-06-01,Leeks,241.0,230.6,148.2
2023-07-01,Leeks,148.2,241.0,104.75
2023-08-01,Leeks,104.75,148.2,68.75
2023-09-01,Leeks,68.75,104.75,71.6
2023-10-01,Leeks,71.6,68.75,139.25
2023-11-01,Leeks,139.25,71.6,230.25
2023-12-01,Leeks,230.25,139.25,344.6
2024-01-01,Leeks,344.6,230.25,312.75
2024-02-01,Leeks,312.75,344.6,186.75
2024-03-01,Leeks,186.75,312.75,141.4
2024-04-01,Leeks,141.4,186.75,208.5
2024-05-01,Leeks,208.5,141.4,457.75
2024-06-01,Leeks,457.75,208.5,372.6
2024-07-01,Leeks,372.6,457.75,238.5
2024-08-01,Leeks,238.5,372.6,194.0
2024-09-01,Leeks,194.0,238.5,154.833333325
2024-10-01,Leeks,154.833333325,194.0,136.5
2024-11-01,Leeks,136.5,154.833333325,224.2
2024-12-01,Leeks,224.2,136.5,213.25
2025-01-01,Leeks,213.25,224.2,234.75
2025-02-01,Leeks,234.75,213.25,188.0
2025-03-01,Leeks,188.0,234.75,
2012-01-01,Long Bean,28.476,,22.175
2012-02-01,Long Bean,22.175,28.476,23.166666666666668
2012-03-01,Long Bean,23.166666666666668,22.175,39.2
2012-04-01,Long Bean,39.2,23.166666666666668,56.705
2012-05-01,Long Bean,56.705,39.2,71.0125
2012-06-01,Long Bean,71.0125,56.705,48.525999999999996
2012-07-01,Long Bean,48.525999999999996,71.0125,42.68
2012-08-01,Long Bean,42.68,48.525999999999996,38.4125
2012-09-01,Long Bean,38.4125,42.68,60.739999999999995
2012-10-01,Long Bean,60.739999999999995,38.4125,107.5
2012-11-01,Long Bean,107.5,60.739999999999995,56.126
2012-12-01,Long Bean,56.126,107.5,102.48
2013-01-01,Long Bean,102.48,56.126,51.095
2013-02-01,Long Bean,51.095,102.48,41.1875
2013-03-01,Long Bean,41.1875,51.095,31.6575
2013-04-01,Long Bean,31.6575,41.1875,55.917500000000004
2013-05-01,Long Bean,55.917500000000004,31.6575,63.155
2013-06-01,Long Bean,63.155,55.917500000000004,51.7
2013-07-01,Long Bean,51.7,63.155,46.125
2013-08-01,Long Bean,46.125,51.7,44.696
2013-09-01,Long Bean,44.696,46.125,45.6425
2013-10-01,Long Bean,45.6425,44.696,51.4125
2013-11-01,Long Bean,51.4125,45.6425,49.908
2013-12-01,Long Bean,49.908,51.4125,30.0225
2014-01-01,Long Bean,30.0225,49.908,28.625
2014-02-01,Long Bean,28.625,30.0225,29.682
2014-03-01,Long Bean,29.682,28.625,39.42
2014-04-01,Long Bean,39.42,29.682,66.08
2014-05-01,Long Bean,66.08,39.42,90.102
2014-06-01,Long Bean,90.102,66.08,48.135
2014-07-01,Long Bean,48.135,90.102,44.5875
2014-08-01,Long Bean,44.5875,48.135,57.8
2014-09-01,Long Bean,57.8,44.5875,89.305
2014-10-01,Long Bean,89.305,57.8,106.5
2014-11-01,Long Bean,106.5,89.305,123.924
2014-12-01,Long Bean,123.924,106.5,107.4175
2015-01-01,Long Bean,107.4175,123.924,98.9975
2015-02-01,Long Bean,98.9975,107.4175,53.657999999999994
2015-03-01,Long Bean,53.657999999999994,98.9975,48.980000000000004
2015-04-01,Long Bean,48.980000000000004,53.657999999999994,66.4575
2015-05-01,Long Bean,66.4575,48.980000000000004,92.744
2015-06-01,Long Bean,92.744,66.4575,70.47749999999999
2015-07-01,Long Bean,70.47749999999999,92.744,49.152
2015-08-01,Long Bean,49.152,70.47749999999999,56.019999999999996
2015-09-01,Long Bean,56.019999999999996,49.152,79.33
2015-10-01,Long Bean,79.33,56.019999999999996,130.738
2015-11-01,Long Bean,130.738,79.33,127.65666666666665
2015-12-01,Long Bean,127.65666666666665,130.738,66.5925
2016-01-01,Long Bean,66.5925,127.65666666666665,50.836
2016-02-01,Long Bean,50.836,66.5925,64.05
2016-03-01,Long Bean,64.05,50.836,49.3775
2016-04-01,Long Bean,49.3775,64.05,103.16599999999998
2016-05-01,Long Bean,103.16599999999998,49.3775,103.63749999999999
2016-06-01,Long Bean,103.63749999999999,103.16599999999998,72.0
2016-07-01,Long Bean,72.0,103.63749999999999,60.7
2016-08-01,Long Bean,60.7,72.0,61.754999999999995
2016-09-01,Long Bean,61.754999999999995,60.7,77.168
2016-10-01,Long Bean,77.168,61.754999999999995,106.04249999999999
2016-11-01,Long Bean,106.04249999999999,77.168,86.35249999999999
2016-12-01,Long Bean,86.35249999999999,106.04249999999999,35.495999999999995
2017-01-01,Long Bean,35.495999999999995,86.35249999999999,73.53999999999999
2017-02-01,Long Bean,73.53999999999999,35.495999999999995,60.625
2017-03-01,Long Bean,60.625,73.53999999999999,44.947916667499975
2017-04-01,Long Bean,44.947916667499975,60.625,74.0833333333333
2017-05-01,Long Bean,74.0833333333333,44.947916667499975,100.83333333333307
2017-06-01,Long Bean,100.83333333333307,74.0833333333333,81.99999999999984
2017-07-01,Long Bean,81.99999999999984,100.83333333333307,71.25
2017-08-01,Long Bean,71.25,81.99999999999984,73.54166666666666
2017-09-01,Long Bean,73.54166666666666,71.25,74.54545454618182
2017-10-01,Long Bean,74.54545454618182,73.54166666666666,113.958333325
2017-11-01,Long Bean,113.958333325,74.54545454618182,155.208333325
2017-12-01,Long Bean,155.208333325,113.958333325,127.16599998000001
2018-01-01,Long Bean,127.16599998000001,155.208333325,60.984848485
2018-02-01,Long Bean,60.984848485,127.16599998000001,47.708333335
2018-03-01,Long Bean,47.708333335,60.984848485,73.999999992
2018-04-01,Long Bean,73.999999992,47.708333335,133.7689394
2018-05-01,Long Bean,133.7689394,73.999999992,64.7916666675
2018-06-01,Long Bean,64.7916666675,133.7689394,41.666666665
2018-07-01,Long Bean,41.666666665,64.7916666675,
2018-08-01,Long Bean,,41.666666665,
2018-09-01,Long Bean,,,
2018-10-01,Long Bean,,,
2018-11-01,Long Bean,,,61.0
2018-12-01,Long Bean,61.0,,70.0
2019-01-01,Long Bean,70.0,61.0,66.303030305
2019-02-01,Long Bean,66.303030305,70.0,96.75
2019-03-01,Long Bean,96.75,66.303030305,107.6
2019-04-01,Long Bean,107.6,96.75,109.5909091
2019-05-01,Long Bean,109.5909091,107.6,136.125
2019-06-01,Long Bean,136.125,109.5909091,165.0
2019-07-01,Long Bean,165.0,136.125,
2019-08-01,Long Bean,,165.0,
2019-09-01,Long Bean,,,
2019-10-01,Long Bean,,,
2019-11-01,Long Bean,,,151.0
2019-12-01,Long Bean,151.0,,147.75
2020-01-01,Long Bean,147.75,151.0,115.5
2020-02-01,Long Bean,115.5,147.75,71.0
2020-03-01,Long Bean,71.0,115.5,
2020-04-01,Long Bean,,71.0,74.166666665
2020-05-01,Long Bean,74.166666665,,66.42777777799999
2020-06-01,Long Bean,66.42777777799999,74.166666665,56.25
2020-07-01,Long Bean,56.25,66.42777777799999,88.4
2020-08-01,Long Bean,88.4,56.25,139.625
2020-09-01,Long Bean,139.625,88.4,
2020-10-01,Long Bean,,139.625,
2020-11-01,Long Bean,,,
2020-12-01,Long Bean,,,154.75
2021-01-01,Long Bean,154.75,,98.0
2021-02-01,Long Bean,98.0,154.75,66.2
2021-03-01,Long Bean,66.2,98.0,61.6818181825
2021-04-01,Long Bean,61.6818181825,66.2,75.33333333333333
2021-05-01,Long Bean,75.33333333333333,61.6818181825,131.0
2021-06-01,Long Bean,131.0,75.33333333333333,128.5
2021-07-01,Long Bean,128.5,131.0,113.833333325
2021-08-01,Long Bean,113.833333325,128.5,64.25
2021-09-01,Long Bean,64.25,113.833333325,116.0
2021-10-01,Long Bean,116.0,64.25,188.0
2021-11-01,Long Bean,188.0,116.0,244.25
2021-12-01,Long Bean,244.25,188.0,192.26666666
2022-01-01,Long Bean,192.26666666,244.25,121.666666675
2022-02-01,Long Bean,121.666666675,192.26666666,108.0
2022-03-01,Long Bean,108.0,121.666666675,111.75
2022-04-01,Long Bean,111.75,108.0,205.0
2022-05-01,Long Bean,205.0,111.75,220.0
2022-06-01,Long Bean,220.0,205.0,191.75
2022-07-01,Long Bean,191.75,220.0,203.0
2022-08-01,Long Bean,203.0,191.75,214.25
2022-09-01,Long Bean,214.25,203.0,171.4
2022-10-01,Long Bean,171.4,214.25,218.25
2022-11-01,Long Bean,218.25,171.4,242.25
2022-12-01,Long Bean,242.25,218.25,205.8
2023-01-01,Long Bean,205.8,242.25,142.0
2023-02-01,Long Bean,142.0,205.8,117.318181825
2023-03-01,Long Bean,117.318181825,142.0,102.75
2023-04-01,Long Bean,102.75,117.318181825,203.4
2023-05-01,Long Bean,203.4,102.75,285.5
2023-06-01,Long Bean,285.5,203.4,225.4
2023-07-01,Long Bean,225.4,285.5,133.25
2023-08-01,Long Bean,133.25,225.4,157.25
2023-09-01,Long Bean,157.25,133.25,235.96363636
2023-10-01,Long Bean,235.96363636,157.25,283.78787877499997
2023-11-01,Long Bean,283.78787877499997,235.96363636,206.0
2023-12-01,Long Bean,206.0,283.78787877499997,233.0
2024-01-01,Long Bean,233.0,206.0,223.25
2024-02-01,Long Bean,223.25,233.0,140.541666675
2024-03-01,Long Bean,140.541666675,223.25,70.8
2024-04-01,Long Bean,70.8,140.541666675,167.5
2024-05-01,Long Bean,167.5,70.8,239.5
2024-06-01,Long Bean,239.5,167.5,254.23333334
2024-07-01,Long Bean,254.23333334,239.5,145.0
2024-08-01,Long Bean,145.0,254.23333334,112.8
2024-09-01,Long Bean,112.8,145.0,150.5
2024-10-01,Long Bean,150.5,112.8,190.70454545
2024-11-01,Long Bean,190.70454545,150.5,284.8
2024-12-01,Long Bean,284.8,190.70454545,241.25
2025-01-01,Long Bean,241.25,284.8,175.75
2025-02-01,Long Bean,175.75,241.25,268.0
2025-03-01,Long Bean,268.0,175.75,
2012-01-01,Luffa,57.69199999999999,,45.045
2012-02-01,Luffa,45.045,57.69199999999999,34.223333333333336
2012-03-01,Luffa,34.223333333333336,45.045,42.2
2012-04-01,Luffa,42.2,34.223333333333336,53.8075
2012-05-01,Luffa,53.8075,42.2,68.25
2012-06-01,Luffa,68.25,53.8075,52.854
2012-07-01,Luffa,52.854,68.25,35.4775
2012-08-01,Luffa,35.4775,52.854,46.045
2012-09-01,Luffa,46.045,35.4775,59.025999999999996
2012-10-01,Luffa,59.025999999999996,46.045,55.625
2012-11-01,Luffa,55.625,59.025999999999996,50.25
2012-12-01,Luffa,50.25,55.625,95.9375
2013-01-01,Luffa,95.9375,50.25,85.0
2013-02-01,Luffa,85.0,95.9375,48.97
2013-03-01,Luffa,48.97,85.0,37.480000000000004
2013-04-01,Luffa,37.480000000000004,48.97,49.265
2013-05-01,Luffa,49.265,37.480000000000004,53.3975
2013-06-01,Luffa,53.3975,49.265,43.6
2013-07-01,Luffa,43.6,53.3975,49.625
2013-08-01,Luffa,49.625,43.6,50.4
2013-09-01,Luffa,50.4,49.625,41.22
2013-10-01,Luffa,41.22,50.4,31.0
2013-11-01,Luffa,31.0,41.22,43.3
2013-12-01,Luffa,43.3,31.0,65.58
2014-01-01,Luffa,65.58,43.3,60.0425
2014-02-01,Luffa,60.0425,65.58,51.71
2014-03-01,Luffa,51.71,60.0425,69.675
2014-04-01,Luffa,69.675,51.71,87.435
2014-05-01,Luffa,87.435,69.675,82.726
2014-06-01,Luffa,82.726,87.435,38.75
2014-07-01,Luffa,38.75,82.726,29.490000000000002
2014-08-01,Luffa,29.490000000000002,38.75,54.428
2014-09-01,Luffa,54.428,29.490000000000002,68.75
2014-10-01,Luffa,68.75,54.428,61.25
2014-11-01,Luffa,61.25,68.75,81.0
2014-12-01,Luffa,81.0,61.25,135.1325
2015-01-01,Luffa,135.1325,81.0,104.7825
2015-02-01,Luffa,104.7825,135.1325,40.11
2015-03-01,Luffa,40.11,104.7825,39.9625
2015-04-01,Luffa,39.9625,40.11,55.955
2015-05-01,Luffa,55.955,39.9625,87.354
2015-06-01,Luffa,87.354,55.955,68.77250000000001
2015-07-01,Luffa,68.77250000000001,87.354,49.998000000000005
2015-08-01,Luffa,49.998000000000005,68.77250000000001,88.55
2015-09-01,Luffa,88.55,49.998000000000005,70.405
2015-10-01,Luffa,70.405,88.55,66.434
2015-11-01,Luffa,66.434,70.405,102.12333333333333
2015-12-01,Luffa,102.12333333333333,66.434,95.3175
2016-01-01,Luffa,95.3175,102.12333333333333,67.296
2016-02-01,Luffa,67.296,95.3175,69.7925
2016-03-01,Luffa,69.7925,67.296,75.6625
2016-04-01,Luffa,75.6625,69.7925,102.53399999999999
2016-05-01,Luffa,102.53399999999999,75.6625,141.1375
2016-06-01,Luffa,141.1375,102.53399999999999,78.7375
2016-07-01,Luffa,78.7375,141.1375,30.8
2016-08-01,Luffa,30.8,78.7375,46.1925
2016-09-01,Luffa,46.1925,30.8,84.97200000000001
2016-10-01,Luffa,84.97200000000001,46.1925,106.66499999999999
2016-11-01,Luffa,106.66499999999999,84.97200000000001,112.66499999999999
2016-12-01,Luffa,112.66499999999999,106.66499999999999,97.292
2017-01-01,Luffa,97.292,112.66499999999999,154.9975
2017-02-01,Luffa,154.9975,97.292,178.65384615384573
2017-03-01,Luffa,178.65384615384573,154.9975,113.64583333333326
2017-04-01,Luffa,113.64583333333326,178.65384615384573,88.83333333333333
2017-05-01,Luffa,88.83333333333333,113.64583333333326,110.8333333416665
2017-06-01,Luffa,110.8333333416665,88.83333333333333,90.00000000066657
2017-07-01,Luffa,90.00000000066657,110.8333333416665,66.66666666583333
2017-08-01,Luffa,66.66666666583333,90.00000000066657,80.93749999916662
2017-09-01,Luffa,80.93749999916662,66.66666666583333,70.61904762
2017-10-01,Luffa,70.61904762,80.93749999916662,93.1730769175
2017-11-01,Luffa,93.1730769175,70.61904762,148.333333325
2017-12-01,Luffa,148.333333325,93.1730769175,116.46733334000001
2018-01-01,Luffa,116.46733334000001,148.333333325,58.779761905
2018-02-01,Luffa,58.779761905,116.46733334000001,47.5178571425
2018-03-01,Luffa,47.5178571425,58.779761905,83.16666667199999
2018-04-01,Luffa,83.16666667199999,47.5178571425,108.125
2018-05-01,Luffa,108.125,83.16666667199999,83.3333333325
2018-06-01,Luffa,83.3333333325,108.125,94.58333333
2018-07-01,Luffa,94.58333333,83.3333333325,
2018-08-01,Luffa,,94.58333333,
2018-09-01,Luffa,,,
2018-10-01,Luffa,,,
2018-11-01,Luffa,,,57.77777778
2018-12-01,Luffa,57.77777778,,54.5
2019-01-01,Luffa,54.5,57.77777778,59.704545455
2019-02-01,Luffa,59.704545455,54.5,103.0
2019-03-01,Luffa,103.0,59.704545455,73.0
2019-04-01,Luffa,73.0,103.0,75.75
2019-05-01,Luffa,75.75,73.0,129.0
2019-06-01,Luffa,129.0,75.75,182.0
2019-07-01,Luffa,182.0,129.0,
2019-08-01,Luffa,,182.0,
2019-09-01,Luffa,,,
2019-10-01,Luffa,,,
2019-11-01,Luffa,,,160.0
2019-12-01,Luffa,160.0,,145.75
2020-01-01,Luffa,145.75,160.0,97.5
2020-02-01,Luffa,97.5,145.75,63.0
2020-03-01,Luffa,63.0,97.5,
2020-04-01,Luffa,,63.0,103.5
2020-05-01,Luffa,103.5,,88.0
2020-06-01,Luffa,88.0,103.5,57.5
2020-07-01,Luffa,57.5,88.0,99.36363636
2020-08-01,Luffa,99.36363636,57.5,123.375
2020-09-01,Luffa,123.375,99.36363636,
2020-10-01,Luffa,,123.375,
2020-11-01,Luffa,,,
2020-12-01,Luffa,,,185.5
2021-01-01,Luffa,185.5,,161.0
2021-02-01,Luffa,161.0,185.5,118.6
2021-03-01,Luffa,118.6,161.0,71.625
2021-04-01,Luffa,71.625,118.6,98.66666666666667
2021-05-01,Luffa,98.66666666666667,71.625,126.5
2021-06-01,Luffa,126.5,98.66666666666667,83.0
2021-07-01,Luffa,83.0,126.5,82.0416666675
2021-08-01,Luffa,82.0416666675,83.0,81.75
2021-09-01,Luffa,81.75,82.0416666675,99.75
2021-10-01,Luffa,99.75,81.75,185.6
2021-11-01,Luffa,185.6,99.75,203.25
2021-12-01,Luffa,203.25,185.6,200.4969697
2022-01-01,Luffa,200.4969697,203.25,226.25
2022-02-01,Luffa,226.25,200.4969697,138.318181825
2022-03-01,Luffa,138.318181825,226.25,130.04545455
2022-04-01,Luffa,130.04545455,138.318181825,232.86984128
2022-05-01,Luffa,232.86984128,130.04545455,198.5
2022-06-01,Luffa,198.5,232.86984128,143.75
2022-07-01,Luffa,143.75,198.5,188.4
2022-08-01,Luffa,188.4,143.75,219.25
2022-09-01,Luffa,219.25,188.4,190.8
2022-10-01,Luffa,190.8,219.25,206.5
2022-11-01,Luffa,206.5,190.8,205.5
2022-12-01,Luffa,205.5,206.5,230.2
2023-01-01,Luffa,230.2,205.5,228.5
2023-02-01,Luffa,228.5,230.2,185.25
2023-03-01,Luffa,185.25,228.5,158.113636375
2023-04-01,Luffa,158.113636375,185.25,247.6
2023-05-01,Luffa,247.6,158.113636375,180.75
2023-06-01,Luffa,180.75,247.6,130.2
2023-07-01,Luffa,130.2,180.75,109.75
2023-08-01,Luffa,109.75,130.2,128.181818175
2023-09-01,Luffa,128.181818175,109.75,205.0
2023-10-01,Luffa,205.0,128.181818175,290.75
2023-11-01,Luffa,290.75,205.0,288.75
2023-12-01,Luffa,288.75,290.75,333.0
2024-01-01,Luffa,333.0,288.75,267.25
2024-02-01,Luffa,267.25,333.0,129.5
2024-03-01,Luffa,129.5,267.25,129.2
2024-04-01,Luffa,129.2,129.5,247.0
2024-05-01,Luffa,247.0,129.2,249.0
2024-06-01,Luffa,249.0,247.0,205.4
2024-07-01,Luffa,205.4,249.0,167.0
2024-08-01,Luffa,167.0,205.4,205.6
2024-09-01,Luffa,205.6,167.0,175.5
2024-10-01,Luffa,175.5,205.6,248.54545455
2024-11-01,Luffa,248.54545455,175.5,303.4
2024-12-01,Luffa,303.4,248.54545455,285.75
2025-01-01,Luffa,285.75,303.4,243.0
2025-02-01,Luffa,243.0,285.75,326.0
2025-03-01,Luffa,326.0,243.0,
2012-01-01,Raddish,19.044,,9.65
2012-02-01,Raddish,9.65,19.044,14.780000000000001
2012-03-01,Raddish,14.780000000000001,9.65,22.3
2012-04-01,Raddish,22.3,14.780000000000001,41.285
2012-05-01,Raddish,41.285,22.3,49.707499999999996
2012-06-01,Raddish,49.707499999999996,41.285,26.564
2012-07-01,Raddish,26.564,49.707499999999996,16.6925
2012-08-01,Raddish,16.6925,26.564,16.9775
2012-09-01,Raddish,16.9775,16.6925,42.022000000000006
2012-10-01,Raddish,42.022000000000006,16.9775,60.0
2012-11-01,Raddish,60.0,42.022000000000006,30.93
2012-12-01,Raddish,30.93,60.0,40.94
2013-01-01,Raddish,40.94,30.93,29.7875
2013-02-01,Raddish,29.7875,40.94,27.314999999999998
2013-03-01,Raddish,27.314999999999998,29.7875,26.115
2013-04-01,Raddish,26.115,27.314999999999998,41.207499999999996
2013-05-01,Raddish,41.207499999999996,26.115,38.9825
2013-06-01,Raddish,38.9825,41.207499999999996,27.715999999999998
2013-07-01,Raddish,27.715999999999998,38.9825,20.25
2013-08-01,Raddish,20.25,27.715999999999998,19.514
2013-09-01,Raddish,19.514,20.25,23.325
2013-10-01,Raddish,23.325,19.514,27.0825
2013-11-01,Raddish,27.0825,23.325,27.46
2013-12-01,Raddish,27.46,27.0825,21.195
2014-01-01,Raddish,21.195,27.46,18.330000000000002
2014-02-01,Raddish,18.330000000000002,21.195,22.118000000000002
2014-03-01,Raddish,22.118000000000002,18.330000000000002,26.6025
2014-04-01,Raddish,26.6025,22.118000000000002,44.39
2014-05-01,Raddish,44.39,26.6025,47.246
2014-06-01,Raddish,47.246,44.39,23.625
2014-07-01,Raddish,23.625,47.246,16.1825
2014-08-01,Raddish,16.1825,23.625,21.854
2014-09-01,Raddish,21.854,16.1825,36.0925
2014-10-01,Raddish,36.0925,21.854,48.25
2014-11-01,Raddish,48.25,36.0925,59.870000000000005
2014-12-01,Raddish,59.870000000000005,48.25,59.545
2015-01-01,Raddish,59.545,59.870000000000005,27.255
2015-02-01,Raddish,27.255,59.545,23.988
2015-03-01,Raddish,23.988,27.255,24.447499999999998
2015-04-01,Raddish,24.447499999999998,23.988,50.7275
2015-05-01,Raddish,50.7275,24.447499999999998,56.608000000000004
2015-06-01,Raddish,56.608000000000004,50.7275,33.6125
2015-07-01,Raddish,33.6125,56.608000000000004,22.378
2015-08-01,Raddish,22.378,33.6125,22.6125
2015-09-01,Raddish,22.6125,22.378,43.065
2015-10-01,Raddish,43.065,22.6125,74.768
2015-11-01,Raddish,74.768,43.065,60.64666666666667
2015-12-01,Raddish,60.64666666666667,74.768,35.3875
2016-01-01,Raddish,35.3875,60.64666666666667,20.796
2016-02-01,Raddish,20.796,35.3875,37.8125
2016-03-01,Raddish,37.8125,20.796,43.6175
2016-04-01,Raddish,43.6175,37.8125,58.5
2016-05-01,Raddish,58.5,43.6175,65.5425
2016-06-01,Raddish,65.5425,58.5,34.6475
2016-07-01,Raddish,34.6475,65.5425,20.978
2016-08-01,Raddish,20.978,34.6475,30.46
2016-09-01,Raddish,30.46,20.978,38.75
2016-10-01,Raddish,38.75,30.46,39.480000000000004
2016-11-01,Raddish,39.480000000000004,38.75,39.480000000000004
2016-12-01,Raddish,39.480000000000004,39.480000000000004,15.408000000000001
2017-01-01,Raddish,15.408000000000001,39.480000000000004,24.240000000000002
2017-02-01,Raddish,24.240000000000002,15.408000000000001,40.62499999999997
2017-03-01,Raddish,40.62499999999997,24.240000000000002,56.534090909999975
2017-04-01,Raddish,56.534090909999975,40.62499999999997,68.91666666666664
2017-05-01,Raddish,68.91666666666664,56.534090909999975,59.37499999916665
2017-06-01,Raddish,59.37499999916665,68.91666666666664,35.666666665999955
2017-07-01,Raddish,35.666666665999955,59.37499999916665,27.083333334166642
2017-08-01,Raddish,27.083333334166642,35.666666665999955,34.791666665833304
2017-09-01,Raddish,34.791666665833304,27.083333334166642,55.08333333066666
2017-10-01,Raddish,55.08333333066666,34.791666665833304,62.708333332500004
2017-11-01,Raddish,62.708333332500004,55.08333333066666,61.875
2017-12-01,Raddish,61.875,62.708333332500004,80.654
2018-01-01,Raddish,80.654,61.875,39.0544871775
2018-02-01,Raddish,39.0544871775,80.654,26.1458333325
2018-03-01,Raddish,26.1458333325,39.0544871775,42.0
2018-04-01,Raddish,42.0,26.1458333325,89.3750000075
2018-05-01,Raddish,89.3750000075,42.0,71.25
2018-06-01,Raddish,71.25,89.3750000075,45.0
2018-07-01,Raddish,45.0,71.25,
2018-08-01,Raddish,,45.0,
2018-09-01,Raddish,,,
2018-10-01,Raddish,,,
2018-11-01,Raddish,,,24.5
2018-12-01,Raddish,24.5,,25.375
2019-01-01,Raddish,25.375,24.5,30.625
2019-02-01,Raddish,30.625,25.375,49.75
2019-03-01,Raddish,49.75,30.625,61.8
2019-04-01,Raddish,61.8,49.75,81.25
2019-05-01,Raddish,81.25,61.8,69.5
2019-06-01,Raddish,69.5,81.25,95.0
2019-07-01,Raddish,95.0,69.5,
2019-08-01,Raddish,,95.0,
2019-09-01,Raddish,,,
2019-10-01,Raddish,,,
2019-11-01,Raddish,,,89.0
2019-12-01,Raddish,89.0,,74.0
2020-01-01,Raddish,74.0,89.0,54.65530303
2020-02-01,Raddish,54.65530303,74.0,36.0
2020-03-01,Raddish,36.0,54.65530303,
2020-04-01,Raddish,,36.0,44.0
2020-05-01,Raddish,44.0,,57.272727272
2020-06-01,Raddish,57.272727272,44.0,46.27020202
2020-07-01,Raddish,46.27020202,57.272727272,58.8
2020-08-01,Raddish,58.8,46.27020202,69.75
2020-09-01,Raddish,69.75,58.8,
2020-10-01,Raddish,,69.75,
2020-11-01,Raddish,,,
2020-12-01,Raddish,,,63.5
2021-01-01,Raddish,63.5,,77.75
2021-02-01,Raddish,77.75,63.5,51.0
2021-03-01,Raddish,51.0,77.75,35.625
2021-04-01,Raddish,35.625,51.0,50.333333333333336
2021-05-01,Raddish,50.333333333333336,35.625,103.5
2021-06-01,Raddish,103.5,50.333333333333336,84.5
2021-07-01,Raddish,84.5,103.5,63.291666667499996
2021-08-01,Raddish,63.291666667499996,84.5,43.5
2021-09-01,Raddish,43.5,63.291666667499996,73.25
2021-10-01,Raddish,73.25,43.5,121.8
2021-11-01,Raddish,121.8,73.25,166.25
2021-12-01,Raddish,166.25,121.8,82.82222222200001
2022-01-01,Raddish,82.82222222200001,166.25,30.125
2022-02-01,Raddish,30.125,82.82222222200001,47.75
2022-03-01,Raddish,47.75,30.125,77.75
2022-04-01,Raddish,77.75,47.75,131.8
2022-05-01,Raddish,131.8,77.75,148.0
2022-06-01,Raddish,148.0,131.8,103.25
2022-07-01,Raddish,103.25,148.0,79.0
2022-08-01,Raddish,79.0,103.25,110.25
2022-09-01,Raddish,110.25,79.0,117.78181818
2022-10-01,Raddish,117.78181818,110.25,128.79545455
2022-11-01,Raddish,128.79545455,117.78181818,97.0
2022-12-01,Raddish,97.0,128.79545455,72.4
2023-01-01,Raddish,72.4,97.0,55.4621212125
2023-02-01,Raddish,55.4621212125,72.4,53.4318181825
2023-03-01,Raddish,53.4318181825,55.4621212125,76.704545455
2023-04-01,Raddish,76.704545455,53.4318181825,139.4
2023-05-01,Raddish,139.4,76.704545455,137.5
2023-06-01,Raddish,137.5,139.4,78.2
2023-07-01,Raddish,78.2,137.5,48.75
2023-08-01,Raddish,48.75,78.2,49.0
2023-09-01,Raddish,49.0,48.75,87.4
2023-10-01,Raddish,87.4,49.0,167.25
2023-11-01,Raddish,167.25,87.4,172.0
2023-12-01,Raddish,172.0,167.25,134.8
2024-01-01,Raddish,134.8,172.0,107.5
2024-02-01,Raddish,107.5,134.8,62.5
2024-03-01,Raddish,62.5,107.5,47.8
2024-04-01,Raddish,47.8,62.5,103.5
2024-05-01,Raddish,103.5,47.8,168.25
2024-06-01,Raddish,168.25,103.5,89.6
2024-07-01,Raddish,89.6,168.25,62.5
2024-08-01,Raddish,62.5,89.6,70.4
2024-09-01,Raddish,70.4,62.5,63.5
2024-10-01,Raddish,63.5,70.4,82.2115384625
2024-11-01,Raddish,82.2115384625,63.5,132.4
2024-12-01,Raddish,132.4,82.2115384625,115.75
2025-01-01,Raddish,115.75,132.4,102.0
2025-02-01,Raddish,102.0,115.75,107.0
2025-03-01,Raddish,107.0,102.0,
2012-01-01,Snake Gourd,42.86,,19.5
2012-02-01,Snake Gourd,19.5,42.86,24.833333333333332
2012-03-01,Snake Gourd,24.833333333333332,19.5,37.9
2012-04-01,Snake Gourd,37.9,24.833333333333332,56.7375
2012-05-01,Snake Gourd,56.7375,37.9,64.75
2012-06-01,Snake Gourd,64.75,56.7375,51.098
2012-07-01,Snake Gourd,51.098,64.75,37.75
2012-08-01,Snake Gourd,37.75,51.098,40.2775
2012-09-01,Snake Gourd,40.2775,37.75,59.888
2012-10-01,Snake Gourd,59.888,40.2775,79.0625
2012-11-01,Snake Gourd,79.0625,59.888,39.751999999999995
2012-12-01,Snake Gourd,39.751999999999995,79.0625,86.5625
2013-01-01,Snake Gourd,86.5625,39.751999999999995,53.4375
2013-02-01,Snake Gourd,53.4375,86.5625,41.25
2013-03-01,Snake Gourd,41.25,53.4375,25.75
2013-04-01,Snake Gourd,25.75,41.25,49.9025
2013-05-01,Snake Gourd,49.9025,25.75,50.66
2013-06-01,Snake Gourd,50.66,49.9025,40.2
2013-07-01,Snake Gourd,40.2,50.66,45.75
2013-08-01,Snake Gourd,45.75,40.2,37.2
2013-09-01,Snake Gourd,37.2,45.75,33.84
2013-10-01,Snake Gourd,33.84,37.2,33.75
2013-11-01,Snake Gourd,33.75,33.84,30.8
2013-12-01,Snake Gourd,30.8,33.75,36.957499999999996
2014-01-01,Snake Gourd,36.957499999999996,30.8,40.26
2014-02-01,Snake Gourd,40.26,36.957499999999996,32.568
2014-03-01,Snake Gourd,32.568,40.26,52.957499999999996
2014-04-01,Snake Gourd,52.957499999999996,32.568,86.045
2014-05-01,Snake Gourd,86.045,52.957499999999996,83.712
2014-06-01,Snake Gourd,83.712,86.045,47.167500000000004
2014-07-01,Snake Gourd,47.167500000000004,83.712,32.75
2014-08-01,Snake Gourd,32.75,47.167500000000004,34.465999999999994
2014-09-01,Snake Gourd,34.465999999999994,32.75,75.25
2014-10-01,Snake Gourd,75.25,34.465999999999994,78.5
2014-11-01,Snake Gourd,78.5,75.25,86.8
2014-12-01,Snake Gourd,86.8,78.5,88.5875
2015-01-01,Snake Gourd,88.5875,86.8,67.095
2015-02-01,Snake Gourd,67.095,88.5875,36.058
2015-03-01,Snake Gourd,36.058,67.095,35.8575
2015-04-01,Snake Gourd,35.8575,36.058,66.36500000000001
2015-05-01,Snake Gourd,66.36500000000001,35.8575,53.757999999999996
2015-06-01,Snake Gourd,53.757999999999996,66.36500000000001,48.36
2015-07-01,Snake Gourd,48.36,53.757999999999996,43.989999999999995
2015-08-01,Snake Gourd,43.989999999999995,48.36,62.365
2015-09-01,Snake Gourd,62.365,43.989999999999995,65.705
2015-10-01,Snake Gourd,65.705,62.365,82.332
2015-11-01,Snake Gourd,82.332,65.705,91.45
2015-12-01,Snake Gourd,91.45,82.332,72.78999999999999
2016-01-01,Snake Gourd,72.78999999999999,91.45,57.414
2016-02-01,Snake Gourd,57.414,72.78999999999999,60.6275
2016-03-01,Snake Gourd,60.6275,57.414,64.9925
2016-04-01,Snake Gourd,64.9925,60.6275,106.002
2016-05-01,Snake Gourd,106.002,64.9925,116.47
2016-06-01,Snake Gourd,116.47,106.002,76.36
2016-07-01,Snake Gourd,76.36,116.47,35.096
2016-08-01,Snake Gourd,35.096,76.36,47.025
2016-09-01,Snake Gourd,47.025,35.096,80.51599999999999
2016-10-01,Snake Gourd,80.51599999999999,47.025,83.065
2016-11-01,Snake Gourd,83.065,80.51599999999999,70.1225
2016-12-01,Snake Gourd,70.1225,83.065,43.416
2017-01-01,Snake Gourd,43.416,70.1225,70.83500000000001
2017-02-01,Snake Gourd,70.83500000000001,43.416,94.5833333333333
2017-03-01,Snake Gourd,94.5833333333333,70.83500000000001,78.95833333333333
2017-04-01,Snake Gourd,78.95833333333333,94.5833333333333,117.11946386946347
2017-05-01,Snake Gourd,117.11946386946347,78.95833333333333,128.34935898269225
2017-06-01,Snake Gourd,128.34935898269225,117.11946386946347,106.4615384682049
2017-07-01,Snake Gourd,106.4615384682049,128.34935898269225,87.08333333416665
2017-08-01,Snake Gourd,87.08333333416665,106.4615384682049,81.0416666658333
2017-09-01,Snake Gourd,81.0416666658333,87.08333333416665,96.95804196466666
2017-10-01,Snake Gourd,96.95804196466666,81.0416666658333,114.9679487
2017-11-01,Snake Gourd,114.9679487,96.95804196466666,131.25
2017-12-01,Snake Gourd,131.25,114.9679487,98.166
2018-01-01,Snake Gourd,98.166,131.25,74.3749999975
2018-02-01,Snake Gourd,74.3749999975,98.166,53.86217949
2018-03-01,Snake Gourd,53.86217949,74.3749999975,89.66666666799999
2018-04-01,Snake Gourd,89.66666666799999,53.86217949,121.428571425
2018-05-01,Snake Gourd,121.428571425,89.66666666799999,84.6590909
2018-06-01,Snake Gourd,84.6590909,121.428571425,57.083333335
2018-07-01,Snake Gourd,57.083333335,84.6590909,
2018-08-01,Snake Gourd,,57.083333335,
2018-09-01,Snake Gourd,,,
2018-10-01,Snake Gourd,,,
2018-11-01,Snake Gourd,,,75.0
2018-12-01,Snake Gourd,75.0,,70.5681818175
2019-01-01,Snake Gourd,70.5681818175,75.0,78.8181818175
2019-02-01,Snake Gourd,78.8181818175,70.5681818175,101.25
2019-03-01,Snake Gourd,101.25,78.8181818175,124.94545453999999
2019-04-01,Snake Gourd,124.94545453999999,101.25,107.0
2019-05-01,Snake Gourd,107.0,124.94545453999999,116.5
2019-06-01,Snake Gourd,116.5,107.0,143.0
2019-07-01,Snake Gourd,143.0,116.5,
2019-08-01,Snake Gourd,,143.0,
2019-09-01,Snake Gourd,,,
2019-10-01,Snake Gourd,,,
2019-11-01,Snake Gourd,,,131.0
2019-12-01,Snake Gourd,131.0,,127.25
2020-01-01,Snake Gourd,127.25,131.0,92.5
2020-02-01,Snake Gourd,92.5,127.25,71.66666667
2020-03-01,Snake Gourd,71.66666667,92.5,
2020-04-01,Snake Gourd,,71.66666667,105.5
2020-05-01,Snake Gourd,105.5,,81.60000000800001
2020-06-01,Snake Gourd,81.60000000800001,105.5,60.25
2020-07-01,Snake Gourd,60.25,81.60000000800001,91.77777778
2020-08-01,Snake Gourd,91.77777778,60.25,133.75
2020-09-01,Snake Gourd,133.75,91.77777778,
2020-10-01,Snake Gourd,,133.75,
2020-11-01,Snake Gourd,,,
2020-12-01,Snake Gourd,,,146.25
2021-01-01,Snake Gourd,146.25,,120.25
2021-02-01,Snake Gourd,120.25,146.25,77.01818182
2021-03-01,Snake Gourd,77.01818182,120.25,85.25
2021-04-01,Snake Gourd,85.25,77.01818182,97.0
2021-05-01,Snake Gourd,97.0,85.25,151.0
2021-06-01,Snake Gourd,151.0,97.0,142.208333325
2021-07-01,Snake Gourd,142.208333325,151.0,131.541666675
2021-08-01,Snake Gourd,131.541666675,142.208333325,88.875
2021-09-01,Snake Gourd,88.875,131.541666675,134.25
2021-10-01,Snake Gourd,134.25,88.875,199.6
2021-11-01,Snake Gourd,199.6,134.25,248.375
2021-12-01,Snake Gourd,248.375,199.6,215.4
2022-01-01,Snake Gourd,215.4,248.375,153.36111110000002
2022-02-01,Snake Gourd,153.36111110000002,215.4,129.25
2022-03-01,Snake Gourd,129.25,153.36111110000002,154.0
2022-04-01,Snake Gourd,154.0,129.25,261.8
2022-05-01,Snake Gourd,261.8,154.0,267.75
2022-06-01,Snake Gourd,267.75,261.8,218.75
2022-07-01,Snake Gourd,218.75,267.75,266.44444444
2022-08-01,Snake Gourd,266.44444444,218.75,243.0
2022-09-01,Snake Gourd,243.0,266.44444444,252.8
2022-10-01,Snake Gourd,252.8,243.0,286.5909091
2022-11-01,Snake Gourd,286.5909091,252.8,227.25
2022-12-01,Snake Gourd,227.25,286.5909091,194.2
2023-01-01,Snake Gourd,194.2,227.25,141.75
2023-02-01,Snake Gourd,141.75,194.2,135.25
2023-03-01,Snake Gourd,135.25,141.75,146.613636375
2023-04-01,Snake Gourd,146.613636375,135.25,257.96363636
2023-05-01,Snake Gourd,257.96363636,146.613636375,255.5
2023-06-01,Snake Gourd,255.5,257.96363636,180.88888888000002
2023-07-01,Snake Gourd,180.88888888000002,255.5,132.75
2023-08-01,Snake Gourd,132.75,180.88888888000002,148.5
2023-09-01,Snake Gourd,148.5,132.75,215.6
2023-10-01,Snake Gourd,215.6,148.5,290.0
2023-11-01,Snake Gourd,290.0,215.6,195.5
2023-12-01,Snake Gourd,195.5,290.0,273.8
2024-01-01,Snake Gourd,273.8,195.5,235.25
2024-02-01,Snake Gourd,235.25,273.8,158.75
2024-03-01,Snake Gourd,158.75,235.25,133.0
2024-04-01,Snake Gourd,133.0,158.75,238.0
2024-05-01,Snake Gourd,238.0,133.0,280.0
2024-06-01,Snake Gourd,280.0,238.0,188.34545454
2024-07-01,Snake Gourd,188.34545454,280.0,179.75
2024-08-01,Snake Gourd,179.75,188.34545454,182.4
2024-09-01,Snake Gourd,182.4,179.75,211.5
2024-10-01,Snake Gourd,211.5,182.4,216.875
2024-11-01,Snake Gourd,216.875,211.5,256.6
2024-12-01,Snake Gourd,256.6,216.875,173.25
2025-01-01,Snake Gourd,173.25,256.6,158.0
2025-02-01,Snake Gourd,158.0,173.25,215.0
2025-03-01,Snake Gourd,215.0,158.0,
2012-01-01,Tomatoes,89.2,,17.5925
2012-02-01,Tomatoes,17.5925,89.2,15.99
2012-03-01,Tomatoes,15.99,17.5925,44.6
2012-04-01,Tomatoes,44.6,15.99,109.4425
2012-05-01,Tomatoes,109.4425,44.6,99.1675
2012-06-01,Tomatoes,99.1675,109.4425,113.4
2012-07-01,Tomatoes,113.4,99.1675,47.6925
2012-08-01,Tomatoes,47.6925,113.4,26.285
2012-09-01,Tomatoes,26.285,47.6925,27.598000000000003
2012-10-01,Tomatoes,27.598000000000003,26.285,56.9725
2012-11-01,Tomatoes,56.9725,27.598000000000003,84.138
2012-12-01,Tomatoes,84.138,56.9725,67.97
2013-01-01,Tomatoes,67.97,84.138,103.5
2013-02-01,Tomatoes,103.5,67.97,56.125
2013-03-01,Tomatoes,56.125,103.5,38.345
2013-04-01,Tomatoes,38.345,56.125,45.0275
2013-05-01,Tomatoes,45.0275,38.345,82.005
2013-06-01,Tomatoes,82.005,45.0275,56.0
2013-07-01,Tomatoes,56.0,82.005,37.375
2013-08-01,Tomatoes,37.375,56.0,56.886
2013-09-01,Tomatoes,56.886,37.375,52.8575
2013-10-01,Tomatoes,52.8575,56.886,24.1825
2013-11-01,Tomatoes,24.1825,52.8575,34.1
2013-12-01,Tomatoes,34.1,24.1825,31.5775
2014-01-01,Tomatoes,31.5775,34.1,38.519999999999996
2014-02-01,Tomatoes,38.519999999999996,31.5775,36.166000000000004
2014-03-01,Tomatoes,36.166000000000004,38.519999999999996,46.89
2014-04-01,Tomatoes,46.89,36.166000000000004,111.0425
2014-05-01,Tomatoes,111.0425,46.89,134.546
2014-06-01,Tomatoes,134.546,111.0425,97.83250000000001
2014-07-01,Tomatoes,97.83250000000001,134.546,33.8875
2014-08-01,Tomatoes,33.8875,97.83250000000001,32.81
2014-09-01,Tomatoes,32.81,33.8875,85.795
2014-10-01,Tomatoes,85.795,32.81,131.4625
2014-11-01,Tomatoes,131.4625,85.795,150.8
2014-12-01,Tomatoes,150.8,131.4625,157.715
2015-01-01,Tomatoes,157.715,150.8,175.3675
2015-02-01,Tomatoes,175.3675,157.715,55.775999999999996
2015-03-01,Tomatoes,55.775999999999996,175.3675,52.175
2015-04-01,Tomatoes,52.175,55.775999999999996,31.0825
2015-05-01,Tomatoes,31.0825,52.175,49.268
2015-06-01,Tomatoes,49.268,31.0825,90.5
2015-07-01,Tomatoes,90.5,49.268,38.891999999999996
2015-08-01,Tomatoes,38.891999999999996,90.5,58.087500000000006
2015-09-01,Tomatoes,58.087500000000006,38.891999999999996,74.0525
2015-10-01,Tomatoes,74.0525,58.087500000000006,117.19000000000001
2015-11-01,Tomatoes,117.19000000000001,74.0525,125.89333333333333
2015-12-01,Tomatoes,125.89333333333333,117.19000000000001,44.5175
2016-01-01,Tomatoes,44.5175,125.89333333333333,31.8
2016-02-01,Tomatoes,31.8,44.5175,33.5525
2016-03-01,Tomatoes,33.5525,31.8,73.41
2016-04-01,Tomatoes,73.41,33.5525,139.336
2016-05-01,Tomatoes,139.336,73.41,155.6625
2016-06-01,Tomatoes,155.6625,139.336,129.3775
2016-07-01,Tomatoes,129.3775,155.6625,32.374
2016-08-01,Tomatoes,32.374,129.3775,43.235
2016-09-01,Tomatoes,43.235,32.374,43.832
2016-10-01,Tomatoes,43.832,43.235,32.225
2016-11-01,Tomatoes,32.225,43.832,40.832499999999996
2016-12-01,Tomatoes,40.832499999999996,32.225,88.5
2017-01-01,Tomatoes,88.5,40.832499999999996,38.96
2017-02-01,Tomatoes,38.96,88.5,87.18749999999997
2017-03-01,Tomatoes,87.18749999999997,38.96,103.64583333333314
2017-04-01,Tomatoes,103.64583333333314,87.18749999999997,75.3690476190476
2017-05-01,Tomatoes,75.3690476190476,103.64583333333314,91.9507575765909
2017-06-01,Tomatoes,91.9507575765909,75.3690476190476,110.83333333999981
2017-07-01,Tomatoes,110.83333333999981,91.9507575765909,106.35416665833333
2017-08-01,Tomatoes,106.35416665833333,110.83333333999981,127.29166666666626
2017-09-01,Tomatoes,127.29166666666626,106.35416665833333,131.47435894666665
2017-10-01,Tomatoes,131.47435894666665,127.29166666666626,71.0416666675
2017-11-01,Tomatoes,71.0416666675,131.47435894666665,81.0416666675
2017-12-01,Tomatoes,81.0416666675,71.0416666675,169.48571428
2018-01-01,Tomatoes,169.48571428,81.0416666675,55.0
2018-02-01,Tomatoes,55.0,169.48571428,24.999999997499998
2018-03-01,Tomatoes,24.999999997499998,55.0,50.916666666000005
2018-04-01,Tomatoes,50.916666666000005,24.999999997499998,201.87499997499998
2018-05-01,Tomatoes,201.87499997499998,50.916666666000005,234.583333325
2018-06-01,Tomatoes,234.583333325,201.87499997499998,118.33333333499999
2018-07-01,Tomatoes,118.33333333499999,234.583333325,
2018-08-01,Tomatoes,,118.33333333499999,
2018-09-01,Tomatoes,,,
2018-10-01,Tomatoes,,,
2018-11-01,Tomatoes,,,55.0
2018-12-01,Tomatoes,55.0,,50.25
2019-01-01,Tomatoes,50.25,55.0,84.2222222225
2019-02-01,Tomatoes,84.2222222225,50.25,87.5
2019-03-01,Tomatoes,87.5,84.2222222225,108.6
2019-04-01,Tomatoes,108.6,87.5,64.75
2019-05-01,Tomatoes,64.75,108.6,111.25
2019-06-01,Tomatoes,111.25,64.75,154.0
2019-07-01,Tomatoes,154.0,111.25,
2019-08-01,Tomatoes,,154.0,
2019-09-01,Tomatoes,,,
2019-10-01,Tomatoes,,,
2019-11-01,Tomatoes,,,197.0
2019-12-01,Tomatoes,197.0,,330.75
2020-01-01,Tomatoes,330.75,197.0,195.75
2020-02-01,Tomatoes,195.75,330.75,75.0
2020-03-01,Tomatoes,75.0,195.75,
2020-04-01,Tomatoes,,75.0,65.3333333325
2020-05-01,Tomatoes,65.3333333325,,140.7090909
2020-06-01,Tomatoes,140.7090909,65.3333333325,51.25
2020-07-01,Tomatoes,51.25,140.7090909,62.70909091
2020-08-01,Tomatoes,62.70909091,51.25,126.25
2020-09-01,Tomatoes,126.25,62.70909091,
2020-10-01,Tomatoes,,126.25,
2020-11-01,Tomatoes,,,
2020-12-01,Tomatoes,,,94.5
2021-01-01,Tomatoes,94.5,,188.0
2021-02-01,Tomatoes,188.0,94.5,123.43636363599998
2021-03-01,Tomatoes,123.43636363599998,188.0,83.25
2021-04-01,Tomatoes,83.25,123.43636363599998,102.33333333333333
2021-05-01,Tomatoes,102.33333333333333,83.25,93.8888889
2021-06-01,Tomatoes,93.8888889,102.33333333333333,69.02272727249999
2021-07-01,Tomatoes,69.02272727249999,93.8888889,79.0
2021-08-01,Tomatoes,79.0,69.02272727249999,78.625
2021-09-01,Tomatoes,78.625,79.0,72.5
2021-10-01,Tomatoes,72.5,78.625,273.8
2021-11-01,Tomatoes,273.8,72.5,328.5
2021-12-01,Tomatoes,328.5,273.8,145.64444444
2022-01-01,Tomatoes,145.64444444,328.5,183.75
2022-02-01,Tomatoes,183.75,145.64444444,213.79545455
2022-03-01,Tomatoes,213.79545455,183.75,131.25
2022-04-01,Tomatoes,131.25,213.79545455,464.6
2022-05-01,Tomatoes,464.6,131.25,485.0
2022-06-01,Tomatoes,485.0,464.6,180.25
2022-07-01,Tomatoes,180.25,485.0,265.6
2022-08-01,Tomatoes,265.6,180.25,172.5
2022-09-01,Tomatoes,172.5,265.6,229.0
2022-10-01,Tomatoes,229.0,172.5,301.583333325
2022-11-01,Tomatoes,301.583333325,229.0,164.0
2022-12-01,Tomatoes,164.0,301.583333325,156.2
2023-01-01,Tomatoes,156.2,164.0,187.25
2023-02-01,Tomatoes,187.25,156.2,176.5
2023-03-01,Tomatoes,176.5,187.25,153.181818175
2023-04-01,Tomatoes,153.181818175,176.5,249.8
2023-05-01,Tomatoes,249.8,153.181818175,208.75
2023-06-01,Tomatoes,208.75,249.8,330.0
2023-07-01,Tomatoes,330.0,208.75,129.25
2023-08-01,Tomatoes,129.25,330.0,108.522727275
2023-09-01,Tomatoes,108.522727275,129.25,120.60000000999999
2023-10-01,Tomatoes,120.60000000999999,108.522727275,276.75
2023-11-01,Tomatoes,276.75,120.60000000999999,494.75
2023-12-01,Tomatoes,494.75,276.75,484.2
2024-01-01,Tomatoes,484.2,494.75,680.25
2024-02-01,Tomatoes,680.25,484.2,265.75
2024-03-01,Tomatoes,265.75,680.25,79.4
2024-04-01,Tomatoes,79.4,265.75,100.25
2024-05-01,Tomatoes,100.25,79.4,377.75
2024-06-01,Tomatoes,377.75,100.25,294.8
2024-07-01,Tomatoes,294.8,377.75,167.75
2024-08-01,Tomatoes,167.75,294.8,158.4
2024-09-01,Tomatoes,158.4,167.75,227.5
2024-10-01,Tomatoes,227.5,158.4,221.25
2024-11-01,Tomatoes,221.25,227.5,328.0
2024-12-01,Tomatoes,328.0,221.25,224.25
2025-01-01,Tomatoes,224.25,328.0,139.5
2025-02-01,Tomatoes,139.5,224.25,177.0
2025-03-01,Tomatoes,177.0,139.5,
